"tsId","class","lempel_ziv","aproximation_entropy","sample_entropy","permutation_entropy","shannon_entropy_CS","shannon_entropy_SG","spectral_entropy","nforbiden","kurtosis","skewness","x_acf1","x_acf10","diff1_acf1","diff1_acf10","diff2_acf1","diff2_acf10","x_pacf5","diff1x_pacf5","diff2x_pacf5","entropy","nonlinearity","hurst","stability","lumpiness","unitroot_kpss","unitroot_pp","trend","spike","linearity","curvature","e_acf1","e_acf10","max_level_shift","time_level_shift","max_var_shift","time_var_shift","max_kl_shift","time_kl_shift"
"1","1",0.304578099504261,0.470648394349784,0.538219737402995,0.508374191878093,11.385925793858,5.28065055312128,4.75750365158173,0.919444444444444,-1.03144362382901,-0.211298965746588,0.983584518826316,5.10740095121465,0.912925346999727,1.78654657583161,0.590597458928351,0.580072746023577,1.53115385321012,1.35962658632837,0.53410947281359,0.614213467362875,0.00949518932101899,0.999343725988419,0.885111103727377,0.0656998531817142,0.24309164547337,-22.5119922816924,0.699389681011151,5.70528874677348e-07,-0.339682547361416,4.1897140774019,0.967807412337849,3.00679360421386,1.91313850996705,214,1.02883641577334,376,0.899533404116277,299
"2","1",0.324883306137878,0.367512683747961,0.525386697547795,0.599495230683878,7.18533642580408,-90.358611718972,4.636141994874,0.931944444444444,0.572035634661431,1.36824700526509,0.973936398404752,3.65124616182356,0.886951871449417,1.79216106997403,0.664506063507864,0.879680317482333,1.82096803094146,1.76222675499735,0.98870468764276,0.6798649532526,0.0707201671328575,0.999207370528012,0.807548164638621,0.139679225943643,1.30947724782672,-39.1191156381679,0.562482361496937,3.52639411015735e-06,7.58065493285689,-2.38043622293235,0.951244199210651,2.46214060251391,2.03830415898882,199,1.23480917810394,175,1.15943960604243,216
"3","1",0.324883306137878,0.331218142701967,0.534281539630361,0.602092377822463,8.09380986254266,-91.4322937509745,4.57270670745093,0.919444444444444,11.2312445204068,3.08519280110569,0.980047629224542,4.39187944854394,0.895278054146427,1.81518329327553,0.577359656619972,0.651140058778789,1.72608280434623,1.2553073416066,0.423861379015537,0.657824694776493,0.0159349293149783,0.999294724053158,0.875323815802428,0.118486512626108,0.483491167314465,-30.8878608889255,0.620677898460567,8.27677508073572e-06,3.06668065951897,-5.93068356471175,0.958375999223742,2.70833389172141,1.05368192127437,173,0.242308215543359,174,15.5266121791274,321
"4","1",0.365493719405113,0.429029338354417,0.559692315107583,0.596328035748457,7.85347675902322,-83.3337428698899,4.72218997869739,0.9375,3.56003082235804,1.88052984894189,0.968798665835949,3.34141517343923,0.872060868671002,1.58310378119666,0.692967025049519,1.08349663852217,1.95741561911255,1.5369704242209,0.84538888657418,0.697011247753758,0.0509976378327343,0.999134210867725,0.806844583314785,0.141556341433824,1.12516112356088,-42.9126021533463,0.529363569939872,6.8215362512153e-06,6.97721387956387,-2.34648777638417,0.942868102264122,2.22684993168826,1.5052440588772,199,0.730140617933928,175,5.23084628241229,320
"5","1",0.527935372474052,0.520644798868853,0.620437818678795,0.651048740582598,9.63688543088168,-62.3499626494627,4.86328872487453,0.905555555555556,3.94972000311966,1.75924643295869,0.957730737172747,2.75110272404174,0.845543819128632,1.42879602171804,0.656078106361598,1.05068490459149,1.79539514537174,1.43506086309401,0.797461879582139,0.71657923002179,0.032916290041993,0.99904031063725,0.72064452060864,0.249721561697942,0.246207699002253,-49.7174103498556,0.454520041260957,9.38013681773113e-06,-0.268472575073338,-6.77375771641615,0.932252444526491,1.98671341882044,1.49679287532061,199,0.59775244639962,210,8.57676138185511,215
"6","1",0.304578099504261,0.382284240532332,0.537683316120588,0.597245147987685,7.38120659421235,-86.471851185646,4.53215013715183,0.919444444444444,3.115235621099,1.837720424519,0.975856295910556,3.6883152900403,0.910641277902768,1.93562625694467,0.732071133759893,1.34085650088317,1.92922357904755,1.56283613674,0.834152848456637,0.677415089683074,0.0451219751503185,0.99923578905577,0.807599119350195,0.145526022621692,1.15366923849186,-38.8041444888537,0.537902207275453,5.94798481596858e-06,7.21429773240096,-1.60121633667075,0.955333499117718,2.57987967617579,1.52373835787191,199,0.703687365832988,279,5.14756825600253,216
"7","1",0.304578099504261,0.33589903681822,0.530915580522532,0.599730741722567,9.08722204642483,-80.862996300924,4.57404561957863,0.926388888888889,11.8114482122449,3.05304051393452,0.972053992658856,3.30686918942987,0.911112364384396,2.3246516438469,0.806527626428401,1.89308272304358,2.25241823392932,1.6976032357847,1.12273242480189,0.694013337079986,0.0387598718239125,0.999160429127323,0.829667212795049,0.235211488216293,0.758883884013502,-44.3321389230492,0.518328708779102,1.54083903798326e-05,5.65782798451377,-0.42288527393043,0.948091646797235,2.68987133189907,1.10722922529155,162,0.326322393261882,158,22.53178946506,321
"8","1",0.324883306137878,0.424883949188936,0.547215794386438,0.558650129333647,8.22782131372767,-73.56604876691,4.37629167604356,0.929166666666667,2.47331932787092,1.62371073055853,0.986506665774671,5.28586170335128,0.928869490556676,2.02332914322133,0.68598522847451,0.892383691300791,1.77856864789953,1.45612590669536,0.627230098279476,0.619086738612189,0.00376685538264608,0.999338851655372,0.882388445670547,0.0542548799109126,0.488415141062039,-23.3786273278919,0.691877082008274,1.92815282521457e-06,4.10289582488298,-2.93472380814188,0.967101264395859,2.95577839139967,1.52101854638405,208,0.543652440489515,189,12.0322308782025,220
"9","1",0.284272892870644,0.27838129253096,0.501327538379919,0.615840926042485,7.86168805442281,-85.924933529222,4.92132991746423,0.908333333333333,20.0224950263939,3.92089210401686,0.960869396882545,3.17776107742472,0.808577414341921,1.12507123215192,0.547582059183693,0.79012585267094,1.88155834824051,1.24442045070929,0.647211318601088,0.715862074378813,0.205258089573987,0.99904031063725,0.814207435134842,0.585481668359916,0.766377026281724,-44.0542531906695,0.525872398791002,2.66909255517247e-05,5.43457836387218,-2.42015590617636,0.924796573226953,2.02461021496277,1.06339718512319,199,0.292106278445045,174,43.4905840212997,320
"10","1",0.182746859702557,0.273474322805376,0.46612507431777,0.555129766402661,7.63061709998366,-82.3107424184042,4.32394979339003,0.925,4.19091458085313,2.07722834359795,0.984587228513824,4.86696018241678,0.938418931302356,2.3740790857701,0.765469909238424,1.7291153259753,1.83186029521982,1.55846337767125,0.825531782465237,0.639938943729003,0.0506709768863301,0.999357592071125,0.860816971073791,0.142479517211571,1.21855892650727,-27.0291460188764,0.666743096879387,4.83702820333128e-06,7.36551625380152,-3.22505313389151,0.965642312331954,2.90453382650237,1.34959932772063,413,0.329109604929194,377,9.63304814640311,218
"11","1",0.345188512771496,0.424057100520641,0.586776643285159,0.644321271818628,8.82622505104705,-83.6229728352124,4.74746058162645,0.9125,6.46141658707938,2.44564397666609,0.963402230055624,2.84428932601219,0.869039919158533,1.68904816622037,0.649978352163146,0.896620952176905,1.87011899159738,1.43417489484087,0.727458809710052,0.710754430305868,0.0284149791561892,0.999081023078858,0.765926015941829,0.33163818462146,0.471812373727332,-50.1353551138638,0.45201797225006,1.27036655512606e-05,4.06285249246069,-2.8622044887924,0.941423908566452,2.39848951377614,1.17643839850416,210,0.516132073927069,376,24.3988493701753,217
"12","1",0.263967686237026,0.367271798532883,0.523442714720381,0.618115230407173,7.5612372596618,-82.7741363121144,4.57043246098183,0.916666666666667,5.04185763544818,2.16448131523485,0.977532646483548,4.07429287138787,0.901315682058321,1.87540741414079,0.701936031924616,1.09718933351217,1.82055704541502,1.46951828352041,0.728449158469162,0.666035315200186,0.0402666035852441,0.999226995932225,0.856540247063881,0.125458812545669,1.08386870161666,-34.451429182311,0.604390972793256,7.04436968286265e-06,6.82695025057799,-3.99913305813283,0.953956819614316,2.5673457144467,1.27827953446164,198,0.417754832252044,377,8.31874690050341,322
"13","1",0.426409339305965,0.516570114739816,0.594291065009379,0.607004177776713,8.92383993116079,-63.2306967469349,4.73634728953304,0.915277777777778,2.93871483780442,1.64901388657645,0.964640094192819,2.97747092393156,0.87316331899405,1.71330312938538,0.677242152583986,1.04496023054161,1.79519536945119,1.45948675590322,0.755782364614412,0.704947307209572,0.015423825496142,0.999121735521073,0.777578663264892,0.134068721561385,0.532449388719579,-47.9369265333317,0.461403698234047,6.67242327279901e-06,4.34015699109086,-4.94605820524292,0.943607746935024,2.25400368649509,1.58662564975043,172,0.58834659293461,377,5.63450057104266,216
"14","1",0.304578099504261,0.383175858265613,0.534245191644124,0.563728037817054,7.9277897809808,-80.9986988249344,4.43369604813833,0.944444444444444,4.22602876952421,2.02293589601535,0.978092909616666,3.84861361307877,0.930918272893869,2.45713710915245,0.802227598505803,1.9497980826386,1.86529701674552,1.67603380719336,0.963003972968632,0.667962866298637,0.0257125046733979,0.999245753229875,0.833580512080376,0.148333667453769,1.16809466414192,-36.8986920846301,0.561045799424712,6.22311679870347e-06,7.26086071016854,-4.05653259992292,0.960294520914268,2.79370707922075,1.40435808415806,174,0.544103922973808,177,10.7171362195371,218
"15","1",0.304578099504261,0.35264352201538,0.55344537823203,0.572765816890187,8.0341690027658,-85.2079399433808,4.45616895256934,0.938888888888889,8.72690525770807,2.72677095561588,0.977373841546513,3.712264867325,0.928448414388298,2.29281889704511,0.785943254213655,1.78829867937113,1.92004885152134,1.68378466791475,0.956124270146425,0.668430117901636,0.0166504021513591,0.999230208886482,0.852560903237212,0.114978101749125,0.356541727776362,-38.3291803637228,0.535924842447136,9.16227082831503e-06,3.36745372216085,-3.1848496974077,0.96076206431406,2.76171604854654,1.15562685792971,173,0.351113692104398,176,18.6401317936577,322
"16","1",0.284272892870644,0.323024618419999,0.52250784795018,0.573403933602634,7.83226069024553,-89.3215377670391,4.57700553030414,0.920833333333333,9.07142394770117,2.80278941114434,0.975571614642024,3.63460715553517,0.904764728710668,1.90561174757575,0.691139461974909,1.17116463092409,2.05711734789846,1.45632950451672,0.707999163684942,0.677306544525151,0.0524007186820943,0.999226230470976,0.834566941825713,0.187675941292157,0.575407764171278,-39.5695958490276,0.531910786472029,1.22111804894415e-05,4.93517796193101,-1.22039779216722,0.95572578395997,2.60712188878161,1.12681230823639,198,0.393967559807669,377,21.1430663532674,321
"17","1",0.345188512771496,0.481225854621426,0.593803987432242,0.606640765143962,7.70170299826729,-77.6613954149239,4.58565144695759,0.909722222222222,2.78084349338638,1.70871444567466,0.976114984802902,3.66150741352387,0.901020979595819,2.01432057471307,0.604532449294261,0.834658159604877,1.80623658669089,1.46349629002614,0.612859192255258,0.668485537004998,0.00125330397724887,0.999244797563648,0.817305768621851,0.125091861687585,0.60472091221655,-39.1025639080572,0.521527320980936,4.97668850869281e-06,5.0425675285598,-2.4181823718802,0.958727265905391,2.70400486209937,1.44407072975202,173,0.521372083219052,375,6.85893524356377,220
"18","1",0.304578099504261,0.231728862148803,0.489356595543147,0.567804106509,7.72657928588306,-100.974096104306,5.06165739851922,0.943055555555556,19.6532933382383,4.13489945395262,0.949157194283529,2.60406560832214,0.754457649760083,0.944783037577575,0.411803541063608,0.470961196607665,1.80044928472261,0.97140336135039,0.384169503037047,0.736999428626496,0.476413209641959,0.998956084840208,0.722006598853573,1.21350586457218,0.254943530297931,-51.8885608136665,0.442924509421745,3.99479779878501e-05,2.30316039982426,-4.05582285891153,0.915148910661317,1.78806216067591,0.766595471155547,173,0.118763574776271,99,43.0212489048127,318
"19","1",0.304578099504261,0.475219488791625,0.565019885215204,0.537958625077304,8.53355539272433,-61.0469897075998,4.63410313199496,0.930555555555556,0.737280631204351,1.10961143556756,0.983413250484875,4.86406440562567,0.919218253157475,1.81931517724952,0.708805033762291,1.16728874881524,1.71464339111122,1.60043958484927,0.801538747140846,0.641288431694868,0.0045294597976649,0.999312507796899,0.848446626385291,0.103231597342892,0.770363961736632,-27.2581189155617,0.658083176729438,2.20648467914804e-06,5.23075494144466,-6.10282278771752,0.965162805554411,2.80348350130376,1.85150069381621,172,0.591873364798778,200,5.31074649314019,218
"20","1",0.263967686237026,0.342298340032649,0.498281995643121,0.570537980468602,8.46426025170645,-71.7665087061594,4.46832894986758,0.920833333333333,4.72089452888232,2.06679228358297,0.979182189533906,4.17265414510763,0.90787570961494,1.87205558254497,0.688877092766063,1.23836005354922,1.89510438119192,1.5387190741337,0.780568485996629,0.664072660920887,0.0393359009935741,0.999268790083285,0.853019266183176,0.139535624048947,0.751815533548809,-33.5089815582276,0.60955475623924,6.37607507886883e-06,5.53561621989689,-1.4552916432758,0.957726924392477,2.54475009713427,1.40329424617053,199,0.417411786758321,279,5.85114723185654,322
"21","1",0.345188512771496,0.445284358702988,0.54771572686228,0.557116639024363,8.71518025837804,-57.4433192024298,4.47890053973692,0.920833333333333,1.11100157465825,1.2329189887852,0.980189976998488,4.26880418351785,0.918387181140314,1.88826596357879,0.669375517753644,0.98877046361733,1.69212376938688,1.43780938139309,0.614562406803889,0.646830591809592,0.0133262371902839,0.999283277909439,0.818359424382489,0.140166662308385,0.306758199346497,-31.6326333501152,0.600013154584919,3.79531754873859e-06,3.06923272669429,-3.6944675553383,0.964907123600304,2.79693084675457,1.73702749241565,198,0.772956363848822,177,3.88869639724517,219
"22","1",0.304578099504261,0.36660571864656,0.499253471000856,0.521981139395516,8.16609209848362,-74.4207431464935,4.32031038024794,0.931944444444444,3.49318658497005,1.79488990923112,0.988559937154635,5.43994981594716,0.940614400784715,2.44281124314523,0.578171951510826,0.691335893557959,1.82432732969931,1.30798934761103,0.383048014550678,0.611145368204819,0.00872517510559554,0.999406879355179,0.893960662347003,0.0436343591029628,0.540651325802575,-22.035190109725,0.699224697783444,2.30021440493156e-06,4.37380116844323,0.183482083031515,0.974294889748186,3.27865488003666,1.58040535769241,173,0.502193314529416,180,4.02186690503347,221
"23","1",0.263967686237026,0.278108262535018,0.489223531175858,0.501703500523527,7.76512409047147,-90.4588026908859,4.33186406168452,0.940277777777778,5.85746884708408,2.35225090525441,0.987494414639944,5.26819017587522,0.930943041030334,2.37094609524746,0.527784077034197,0.465422736102104,1.76923652697337,1.25417327540538,0.331096655206416,0.616922164196617,0.00541900269162323,0.999344552529068,0.903183841367072,0.0663157918196779,1.06859841731262,-23.328233370346,0.668376994681367,3.39140323333806e-06,6.37454703514707,-3.29671398798455,0.972215414053348,3.22271672999767,1.24878375911064,174,0.439039701707379,178,21.3079192027702,351
"24","1",0.263967686237026,0.278191783130341,0.47810361238746,0.545719109066457,7.32580142350437,-91.7234321149692,4.55498427445211,0.927777777777778,4.38196910319272,2.12376376602084,0.98051948471587,4.53262364260885,0.895356494740186,1.68933603125747,0.639067837215245,0.825843740096459,1.77746372579142,1.46916791410495,0.703989617694693,0.658919255923288,0.0505824530119064,0.999282821512247,0.865238561855276,0.18052078122239,1.44570867012969,-29.9845359786178,0.640742446844007,5.64430653737343e-06,8.01679311163021,-1.80989176242393,0.956549558879274,2.64986362655711,1.4491418285031,413,0.475302699741385,198,9.25950951810055,216
"25","1",0.304578099504261,0.371308927978089,0.51038077713385,0.562326866992065,7.28489667808444,-85.7555282912852,4.46267468398583,0.925,0.229465309927058,1.24597463338021,0.983607162008005,5.07156789111569,0.903304267210545,1.67650827839673,0.665435037654644,0.801015231162525,1.69745603163618,1.53425848113699,0.742450183040832,0.645657498678599,0.0232960407448524,0.999308930185963,0.857976794857264,0.0930222644720382,1.86816909718537,-25.4075872294602,0.707088808322647,1.11078436552039e-06,9.60319627480171,0.0889973793070002,0.959758884242869,2.62907887012537,2.12147003450441,199,0.941355852501142,194,5.15324200636678,219
"26","1",0.203052066336174,0.260084015826257,0.471299916004846,0.51998490918352,7.32092311962556,-91.6604592888261,4.26215011588518,0.9375,3.5138066413616,1.98436712037236,0.988391779282711,5.64079474328047,0.943631879247284,2.40402091889933,0.711578118327693,1.15233396860695,1.76626119555932,1.54024534131901,0.700763450677996,0.607912040579108,0.0292417446534255,0.999406879355179,0.914031425780707,0.0579128814527936,1.2995055430674,-20.8145017527031,0.730031849328302,2.44042959276354e-06,7.38663038738634,-0.829457323193027,0.970516397276814,3.08282986739311,1.44072642773052,199,0.435783845540794,409,17.2944999672608,350
"27","1",0.284272892870644,0.344011152738987,0.490101989942271,0.525367868742972,8.0897748214158,-72.0288333297725,4.2916253633025,0.936111111111111,-0.364120107685381,0.989638890738248,0.987889188792157,5.82315224132208,0.931762777235386,2.02848546187069,0.725533769177562,0.919828774360912,1.64604230239535,1.68424101444753,0.857707198792261,0.617106495758121,0.0188439481176514,0.999406879355179,0.897451053825969,0.0705117597196749,1.37255947288367,-19.3629349082648,0.771288703595411,1.12749562898312e-06,7.84105739708589,1.30758515424197,0.967931464826313,2.92696104919647,2.04190879039016,199,0.923858376865372,177,3.54753517854491,219
"28","1",0.365493719405113,0.424535948347009,0.557992734260871,0.595000163131394,8.36915348889404,-71.8898947329257,4.66467154203207,0.926388888888889,4.64514846049472,1.99015198052096,0.971573193410574,3.58074333851881,0.879765573432082,1.72709615539439,0.667158717558773,1.07225145169098,1.83989298366,1.41050639587872,0.692577352266577,0.688709744922899,0.0376851686021341,0.999164292530127,0.801476428255612,0.181535134564161,0.81238976546329,-39.721976563436,0.563946745280366,6.84598361888066e-06,5.72674234379971,-1.73153185885466,0.945406449090733,2.28817999101987,1.51684061791711,413,0.635000639676812,175,5.69588419158484,321
"29","1",0.345188512771496,0.368893312228706,0.535940841371916,0.632192956830687,8.22663250749759,-84.3128447889106,4.68209959585976,0.902777777777778,7.13224182203349,2.52197210235042,0.966595959652682,3.11485771339127,0.871920916542585,1.64172333974424,0.657655724314214,1.10245933783606,1.90973850933502,1.53434499295031,0.847232129755939,0.705467552555825,0.0650109908869492,0.999128587575406,0.771683491808486,0.384466438209403,0.609775826500323,-45.7345568991712,0.497945546054965,1.31718345680011e-05,4.91881309461184,-2.1525555687076,0.942072794987976,2.23685336800661,1.26186218039667,199,0.542440139156645,278,17.4175529962105,215
"30","1",0.263967686237026,0.248764831291374,0.484908206141429,0.515481089562981,7.70859970804737,-92.8243577983063,5.0936400436961,0.936111111111111,24.1534317844828,4.30413276638553,0.947156897903611,2.46389708618601,0.75161899203482,0.971325876401495,0.388533836485973,0.473256275603167,1.7813855730548,0.949066333541995,0.370015138710699,0.74617733208045,0.481041471071453,0.998945702850297,0.712924545100918,1.75876038849673,0.283136430141074,-54.2910771749182,0.427334451860711,4.98210789897232e-05,3.18387726055916,-1.32302806212973,0.912911081509092,1.93312554255772,1.20633411506432,173,0.25294780991378,179,49.5029951368721,216
"31","1",0.385798926038731,0.361011688884787,0.548249905673764,0.599324816494852,8.33120601423177,-82.0315717350924,4.69813811357361,0.926388888888889,10.7075086913476,2.91605903797836,0.966429547317543,3.03185479497976,0.879059249486716,1.80935250456753,0.6819000719937,1.09999059568346,1.91487199354033,1.53497148008603,0.8196835697611,0.706922914957637,0.0350407618139739,0.999126431566218,0.80842213036142,0.227696633133696,0.755237542494155,-47.499629984538,0.483250962918497,1.47186310308888e-05,5.4720853437563,-3.786327039239,0.943177946938611,2.36162362545315,1.21068864887152,200,0.332299323537726,381,21.8867430235977,320
"32","1",0.345188512771496,0.517953881300856,0.560508206257011,0.564927233968936,9.32380569269736,-36.5541664011704,4.50359746521955,0.931944444444444,0.0432000201863736,0.650902835800645,0.984824861593865,5.32263796918116,0.885792192388747,1.61765599941991,0.47906740819143,0.416003457823374,1.55350830031582,1.25402967557593,0.430122698189676,0.61928163367971,0.00606602112681697,0.999335265537951,0.885859376733038,0.0278470754753284,0.43703294078583,-22.4395520076172,0.699425311171916,1.04752241446501e-06,2.44362048219978,-7.96600051704283,0.965645568788987,2.95567813041723,1.45680712243621,212,0.640975693042074,196,2.22475737079854,219
"33","1",0.284272892870644,0.370669650365651,0.492716152148006,0.527366114671329,8.67624434113192,-57.0929335893263,4.15935949801534,0.933333333333333,0.519220808496796,1.0864431369285,0.989881895289648,6.04253227715315,0.955757154260158,3.03995895785826,0.634815366352423,0.5393857671065,1.65046936371431,1.37605949185865,0.464766156632353,0.586716647722244,0.00182141581137232,0.999447591802249,0.910690044958983,0.0501926569380701,1.25927715099541,-17.5431231336977,0.744860620173992,1.14146664411639e-06,7.27394224088096,-7.23650885140283,0.979226212007997,3.64443417135569,1.68196920432162,176,0.697481201800399,174,1.92328956087362,218
"34","1",0.365493719405113,0.346322833349754,0.532224145836319,0.59025359285917,7.71608232491851,-88.4341159500773,4.57781239451015,0.930555555555556,6.55149392599922,2.46332974410893,0.97282590953299,3.39848489093338,0.90352119402256,1.96830928550328,0.714992500717703,1.3082950645586,1.91556934222346,1.58365228756268,0.847029241370479,0.686880397784739,0.0421014808451049,0.999182999068365,0.796282240185558,0.366296553940075,0.735051287012879,-42.4539396069863,0.509541926229103,1.11126516474096e-05,5.35508270009673,-4.33687357264956,0.953604818634233,2.53176163421679,1.36851752358059,199,0.42009948482103,377,20.0452600456054,216
"35","1",0.304578099504261,0.428292739026617,0.567176887507225,0.634721629834328,8.03242474632841,-74.9451080226332,4.73543692762234,0.906944444444444,5.95699949107554,2.26256400003614,0.969149919411372,3.20675854455903,0.871746476759724,1.64907743713299,0.580256663840724,0.661061870112278,1.79860899504534,1.27771450152906,0.511080007084724,0.693726587896076,0.0337454278902395,0.999159054837382,0.786052177402479,0.392083517658364,0.289371909035767,-44.7464649159679,0.4872954345146,1.25877230034959e-05,2.97898285144522,-3.46194430986619,0.949354817404426,2.45998013779458,1.16591534747529,200,0.387270815880658,75,13.5532937158068,217
"36","1",0.223357272969791,0.230423836987911,0.461812068514792,0.557385926840448,7.18935390138957,-92.2424575002796,4.94722516056943,0.927777777777778,14.9901822468986,3.49908882452202,0.954655735411162,2.71082489544856,0.801171766098627,1.36875168094189,0.450161092231039,0.559589027460851,1.80629530500264,1.06992927566457,0.42944551536226,0.732832374591191,0.244399145028877,0.998990208898333,0.732095869150195,1.03080184831826,0.852327103935491,-51.493127915563,0.47920370713313,2.79590443714468e-05,5.33892075592268,-3.89283008014087,0.919301709516621,1.91476423205712,0.983819624768468,200,0.230260143223985,199,29.5226131550541,319
"37","1",0.182746859702557,0.224212044179401,0.461390583125745,0.538563292118705,7.64315688041187,-89.5704569066583,4.43926922332927,0.920833333333333,8.9330424920114,2.82020438434006,0.980586891421524,4.18823275017251,0.925383926932649,2.10548699641938,0.755952065836667,1.44166884715222,1.90816009009572,1.7309616066642,0.964801848249801,0.664691622516135,0.0729084089525747,0.999303368776802,0.844957123147283,0.294685330062325,0.952453528232479,-33.3120132635202,0.590943218139017,1.03986671002963e-05,5.9872314864166,-5.31585383910081,0.961787422503561,2.77005639200135,1.41218081088491,199,0.363165420094591,195,18.6159520378523,322
"38","1",0.284272892870644,0.432631045660525,0.511087792881403,0.526146456940007,10.4711795428706,-15.2702866478237,4.48735460398229,0.930555555555556,-0.277556925402701,0.161352012050761,0.990167170279515,6.42164257058863,0.931186635083404,2.19940744208504,0.600431966342777,0.542881797172953,1.5634295926175,1.32491663854083,0.465307095204869,0.590497686063206,0.0236993187423,0.999447591802249,0.927673196061639,0.0278300013825799,1.29923996107146,-15.8660527314725,0.800102702414003,5.45051413315436e-07,7.88056455909085,-6.0211058186229,0.974484774193511,3.43204797237523,1.65949993663062,178,0.801110875230573,171,5.93759887958121,48
"39","1",0.243662479603409,0.333167452465865,0.477342217504888,0.509257152102924,8.25102534048424,-72.2394919041501,4.02805910804591,0.933333333333333,0.778474699394298,1.25733594394422,0.991159059943527,6.29263870143993,0.97141453651858,3.43554938556753,0.758406955959533,1.09394483807967,1.7121476221741,1.5679638086638,0.619423998125103,0.583011198202469,0.00306824823481546,0.999467845537647,0.91866863156824,0.0489733797879097,1.27133679083974,-16.1538656199507,0.763935774748334,1.05965744931108e-06,6.9102458531805,-8.36215293469238,0.98170699318312,3.83505918785197,1.85520979308936,254,0.735249298000362,248,2.26361309102996,331
"40","1",0.385798926038731,0.42876681992183,0.568756478704272,0.630836398155148,8.56933182786062,-74.6799930529062,4.79015907569493,0.902777777777778,4.67065039545942,2.01059827214172,0.961745825215282,2.90030899030129,0.853946231507929,1.47615720172593,0.644928494149337,1.07567683621702,1.91462879058256,1.36331205836669,0.715952046538588,0.713929757537412,0.0838664024369275,0.999081023078858,0.746118724929342,0.419867663042888,0.507752239057577,-48.4013444818742,0.475707616112254,1.38073170068405e-05,4.02033730889798,-3.81799539734016,0.936243025763319,2.04093726183095,1.46662813534331,199,0.604135572883969,175,7.56445197957978,216
"41","1",0.263967686237026,0.237351903057695,0.458187067577415,0.562623488666154,7.52452332366359,-90.5359086048423,4.68120876923267,0.931944444444444,7.79981904176108,2.65954183176847,0.969752298606694,3.37057271409272,0.873878324084359,1.55973489188666,0.656417284426324,1.09247677587633,1.98181871613762,1.47523522490934,0.827924251930034,0.701584366273985,0.123024731607881,0.999153603312723,0.803930501077427,0.356511053170275,1.0793505200935,-42.4674751350161,0.521700886943558,1.40252384756756e-05,6.54259839466223,-3.27017827670068,0.94530627913725,2.26966037616577,1.21040751839212,200,0.413786275452788,175,14.2227686035387,215
"42","1",0.263967686237026,0.295004889342947,0.469413707523121,0.591251950263495,8.4714279184254,-76.0727840071075,4.31838156722693,0.913888888888889,4.41629586684217,2.00977199630866,0.984524664197419,4.81411631808837,0.940498764103563,2.28381090129728,0.776996893011632,1.65607612110323,1.81603497299841,1.61465723468061,0.819273545111455,0.642205206495748,0.0322211278562112,0.999356838279927,0.869208470516844,0.108939108869979,1.52287956853594,-27.2690325485935,0.649383640564534,4.37250014134281e-06,8.05018799300691,-3.78397795712612,0.968161156161429,2.94483380944699,1.40965296888632,200,0.440143348324835,217,3.75115658659956,322
"43","1",0.223357272969791,0.301878906006444,0.453970893722381,0.532117850163129,8.71948444674128,-67.7285768607179,4.21741918073534,0.920833333333333,2.38738853696126,1.59414876135389,0.988265735544428,5.58719360363681,0.950901804125669,2.45217999216083,0.764092779691724,1.52752718599272,1.77302875633463,1.61523090492033,0.762058719894341,0.620106361536096,0.0401974696486947,0.999406879355179,0.901158536932169,0.0630246662830335,1.97595895406989,-21.362197431483,0.717220888582027,2.46349203044334e-06,9.4284385512173,-4.5538628404645,0.972689151577883,3.14702238651476,1.49965514843189,254,0.465187451824812,245,2.67427042917441,323
"44","1",0.304578099504261,0.343386660224064,0.496829371617375,0.531008154347343,7.94273274502588,-81.8959289463733,4.28773520793304,0.934722222222222,3.10007455993542,1.82755373464059,0.98535444555496,4.88869558952774,0.944702381714425,2.4265252304819,0.702176018126679,1.14707517994218,1.73641333639851,1.56115337657317,0.669243822880686,0.631681263043983,0.0307263260245666,0.999334652697795,0.858321839067518,0.156783215003776,0.788956316120004,-26.1804319510367,0.646520829437291,3.78115606652594e-06,4.9478290591373,-6.92991121711155,0.972462255489694,3.14500939541471,1.39540566490096,253,0.413868437672228,247,5.53839675019446,322
"45","1",0.284272892870644,0.300454148640916,0.487460974110584,0.550063296386326,7.67764897788648,-90.4217971128191,4.38085570550003,0.936111111111111,3.56013279286542,2.02221362791251,0.982514152556672,4.51486298075549,0.92824749554828,2.02020066785506,0.754747466739421,1.20145169094611,1.79848497968856,1.62287592980724,0.843963737132774,0.649805367011117,0.0487911075073282,0.999297452544174,0.827634903390623,0.210114082772301,0.791674629953436,-29.7050893587535,0.618255242524501,4.98426345067668e-06,4.98693345973356,-6.16987258372696,0.96570206579311,2.86182408503286,1.51513244882335,254,0.529077167012454,251,9.68631466565638,324
"46","1",0.263967686237026,0.288330609265494,0.44162713760959,0.637721566753982,7.84456033835981,-71.7908085815208,4.68500413422905,0.908333333333333,2.38852168273298,1.57852560433364,0.975962028833937,4.78515400220099,0.860392731275968,1.6560338771167,0.696566246449613,1.52005082177029,1.96273214014847,1.53438643884232,0.942046815763595,0.660600670696827,0.14925232169973,0.999213170423763,0.86265458637435,0.138692988082302,3.14851777155876,-30.0108496757314,0.684016209084602,3.87408868529841e-06,11.9995002508511,-3.18263483519163,0.932132152821138,1.90925975781322,1.58367657795112,200,0.48775401650065,218,0.998735029833488,354
"47","1",0.365493719405113,0.449479658924958,0.580887489150279,0.600120285059577,8.18903701108944,-77.4230490946024,4.71664894291005,0.913888888888889,5.26861143909529,2.13632730730661,0.965354027981717,3.01848760178327,0.873495078516701,1.58028408997824,0.687092476834726,1.13110078809908,1.9175567306757,1.44397159743821,0.788490937121666,0.709774928554055,0.0354769960857659,0.999125777473696,0.771749904108237,0.223506560932122,0.780901931840841,-47.3012792823777,0.476227685692998,1.03344758142315e-05,6.09998032206785,-1.90985311068873,0.939698464565637,2.28639296055547,1.3271734000695,199,0.73968537571559,175,8.48091012923048,216
"48","1",0.324883306137878,0.419109194058105,0.573662323424875,0.625081404548644,7.94230895368359,-83.4852616254963,4.73107754162095,0.911111111111111,10.5893578012858,2.83587222391087,0.966532383334727,3.01015192942211,0.876439332173182,1.78195188760504,0.633595356495829,0.990563363044978,1.96921740793145,1.34086964421361,0.614727295203945,0.708979085329877,0.027112220781337,0.99912748034163,0.796644779935008,0.276298870420603,0.560040603310688,-47.8113334690819,0.487554062894156,1.50745378979789e-05,4.5540935677389,-1.33914317992304,0.942338660868752,2.42857049204222,1.26039639029978,199,0.464816468240248,377,30.3481710729695,321
"49","1",0.223357272969791,0.24716116035313,0.473362272309099,0.567625844070389,7.40882925193108,-87.7286535590534,4.40821401924703,0.908333333333333,13.8193599152018,3.34994360697358,0.980970871846301,4.16420288816935,0.93307978882974,2.2850106267072,0.770198684498314,1.68932108772475,1.92036946546955,1.64118236309309,0.883390269045442,0.660179017335752,0.038637253923252,0.999266721933166,0.867717708622531,0.156557921314946,0.77709057872695,-33.5307959076733,0.581374586754985,1.26074565330877e-05,5.45859848457802,-3.67211944368703,0.963412557577677,2.87033774195981,1.17665051315119,199,0.268731842343568,247,24.3824704925721,321
"50","1",0.203052066336174,0.282139681814084,0.470473286602027,0.522960196321693,8.35350289846847,-77.2209119972385,4.09734321526355,0.938888888888889,3.32448712775992,1.87712715273732,0.990311830557282,6.02208787593332,0.96234285707336,2.97016349761754,0.739134308257765,0.979531932273135,1.72939780437452,1.58917914365124,0.632602041820562,0.594396418052728,0.0110915698420784,0.999447591802249,0.897879296809835,0.0983596501850217,1.23496867159312,-17.9480725040324,0.741137207158868,1.68042209997076e-06,6.905429411954,-6.79901223366713,0.978171475374898,3.5244993027791,1.3277107935825,175,0.413293796120885,174,5.30133546777818,325
"51","1",0.223357272969791,0.211404502558578,0.456690253522724,0.544472404239882,7.90254754292285,-93.5535929330246,4.15222096345933,0.933333333333333,4.83317064512405,2.19763634744572,0.991162452330209,6.07312951338018,0.967500930228792,3.14345656947594,0.758402870781983,1.25552643151026,1.82780631617182,1.55419863733036,0.604059967009396,0.594754930585091,0.0138853273292635,0.999447591802249,0.901617885061767,0.0949469606886027,0.941213596869917,-17.8894701796133,0.742553281266762,2.02731487222761e-06,5.52631169481066,-7.57123622816467,0.979580129452189,3.58731944340008,1.44247730625807,253,0.394038028020317,249,16.859710554598,325
"52","1",0.203052066336174,0.258561200051719,0.472230973567605,0.485489751683817,7.67579735396575,-92.9580479457072,4.04022165100257,0.944444444444444,3.61241160925786,2.00100131861838,0.990930882144621,6.07553766197894,0.96474968521726,3.12353639775552,0.71488988081556,0.942482839056112,1.77720574600696,1.62904855232529,0.665516663224737,0.592827255169603,0.0122172620974423,0.999447591802249,0.892135271121922,0.101211293212766,0.867031504867988,-17.4864538217443,0.74428396148509,1.92979520014945e-06,5.08413416095375,-7.82063630484105,0.979781830914378,3.63498200075895,1.47950613110267,197,0.444820639127378,198,10.4543906499815,327
"53","2",0.223357272969791,0.24761638998982,0.448371283019376,0.592123872943864,7.53973046488104,-87.753676457666,4.99961433980414,0.931944444444444,16.7886345578713,3.54244541987691,0.950479044984743,2.54529427503071,0.795147661267209,1.16125990915491,0.544048529092901,0.72674854283027,1.94855133319682,1.1951812781341,0.628354239260626,0.744928837317329,0.326268776781118,0.998951915062214,0.711148653641735,1.38950954366277,1.07588646681716,-53.0200843658063,0.35879141978893,6.08679926458237e-05,5.88350622576159,-2.83488766366406,0.924751651196802,1.91664221346163,1.25233049973313,199,0.43632078635884,175,31.4228370018895,319
"54","2",0.182746859702557,0.26863168051828,0.486700141515836,0.595325085445304,7.07386258069505,-96.6690788964801,4.2659495883366,0.925,4.88274642652978,2.27900333666917,0.986235016777911,5.00988385795478,0.945452758255684,2.52278371599079,0.690935197476089,0.929883811778301,1.76544663527031,1.46053990268248,0.543362409911799,0.627020424712105,0.0240292947138924,0.999343857719808,0.869406655441472,0.130219646103744,0.720342801026273,-25.2479385121194,0.65361044555891,3.88452835450032e-06,4.73087850525339,-6.49078811458689,0.971518560441908,3.16795063230362,1.41989506765773,254,0.489450459687488,250,15.603848870147,325
"55","2",0.203052066336174,0.311388723424747,0.471216084134399,0.541151777914165,8.07385751699247,-72.8987257165479,4.16241471693674,0.916666666666667,2.2325947755396,1.60805509195432,0.989622836286482,6.03410702122196,0.951582135835826,2.67116672879589,0.700866439895036,0.698588529547135,1.64166624651559,1.52612638930312,0.607996825272562,0.594565571356607,0.012429587987556,0.999447591802249,0.915846966399152,0.0594590708876228,1.34652362457092,-18.0583676531868,0.741675843225387,2.03411998492291e-06,6.8947154259685,-8.04609111177171,0.974545099622584,3.37261771553853,1.60808363165566,253,0.582653168358292,248,4.75736241122484,327
"56","2",0.182746859702557,0.326392428208287,0.507090907530365,0.690194179126216,7.8287998158498,-72.685452719942,4.68599697093461,0.876388888888889,2.87634392530181,1.73684592475402,0.972743938587841,3.8018565210234,0.866514361962494,1.65225535553251,0.616656687187326,0.770003213303886,1.79425956357046,1.41642791558155,0.678524367664888,0.682175067572145,0.123121003300288,0.999163190015814,0.83251323528332,0.256086806696324,1.87945832130308,-37.4052641437892,0.586686264154821,8.77321528280909e-06,8.6984491934011,-5.19565657802491,0.943441199214367,2.42581992460521,1.5315319151259,199,0.482305004614887,174,5.0739049808983,216
"57","2",0.263967686237026,0.340921168523212,0.524950688625922,0.623608633163544,7.89542625699206,-87.6223775935733,4.63646900446178,0.915277777777778,5.62642986093361,2.35340237267512,0.969493512695496,3.23468657600526,0.887965161492201,1.85199570089326,0.700949734266282,1.1452549419815,1.91374004368011,1.47144291781018,0.748472647698849,0.697253280631204,0.0626396103075252,0.999144917553516,0.806114145914328,0.257608472769473,0.881125693138169,-44.3628384573651,0.502259689579619,1.03875935837531e-05,5.50785400779377,-4.97261486906609,0.946956155629419,2.45885630417919,1.22728253442327,198,0.414142093052731,377,12.6680101893599,322
"58","2",0.263967686237026,0.338995099604932,0.53079465570202,0.609678145354898,7.95582953257479,-93.673650353748,4.57544848128394,0.938888888888889,10.0765993574759,2.91704718582171,0.975861508053966,3.59758701629716,0.91982070822713,2.20413864283336,0.725379664274788,1.35938633203679,1.83183349439148,1.53718906389857,0.767930522582865,0.677804151218107,0.031016742492398,0.999241145083237,0.839735284455086,0.173291053965636,0.607429193122392,-39.4494556691153,0.521619788520536,1.15112530966097e-05,4.70434603348956,-1.31479160735784,0.958735608190714,2.76128019011109,1.20776885235876,199,0.422190011508357,100,26.396171802701,321
"59","2",0.182746859702557,0.288521186955183,0.480112978433446,0.566670274814552,7.39989778708705,-90.5165868844858,4.43289788399506,0.922222222222222,2.67767256829153,1.85000286081619,0.985737820609765,5.10482131053535,0.931347477313796,2.22919270515349,0.74037030764763,1.08409796692152,1.82008065184974,1.62094648890288,0.782505202599682,0.62643157453665,0.0446947306609574,0.999339675837151,0.863563148648543,0.116702908339122,1.5146425892616,-25.3093709942993,0.6755011960627,2.58430091930385e-06,8.40255465662514,-3.99382021802069,0.964006056952606,2.93250545165113,1.76697332495792,210,0.607558742930572,178,19.0944099929987,219
"60","2",0.4670197525732,0.484341794051973,0.614218971422896,0.659229868721038,9.37212880963153,-78.355059283703,4.83988181796784,0.906944444444444,7.43155343945251,2.49922759719404,0.965383906448412,3.16571671016312,0.841496008539511,1.42937181114537,0.540101467982921,0.592555185608531,1.70860781830312,1.20934479721819,0.483588334141276,0.703764753517982,0.010543373023126,0.999128117134544,0.796621495604213,0.213819185357943,0.204710407114672,-43.7718877881623,0.50046248668263,1.01335876516911e-05,-0.241463478785649,-5.80992622022215,0.940294835142369,2.29491690156085,1.12356053973362,200,0.447691161320246,173,23.5259902378184,217
"61","2",0.365493719405113,0.368362073660243,0.555159219506425,0.575826504824376,8.54043759947835,-83.889156692725,4.83636913346574,0.938888888888889,16.8476323026429,3.66851396922775,0.959393974034566,2.88039524116541,0.834682998156985,1.37272887465709,0.584451198270555,0.89107477240849,1.80657201142491,1.44785289413623,0.809579046241227,0.722348209957775,0.145651564288561,0.99904031063725,0.770922042964186,0.704380233616297,0.388519927104664,-48.374718663061,0.457457088542531,2.96727472919653e-05,3.34512558882527,-4.110063658739,0.931285032430604,2.11464092456983,0.96582951563098,197,0.295180830323938,174,33.93905535403,320
"62","2",0.223357272969791,0.220044938401988,0.474850252891166,0.520552404621799,8.89638121635802,-83.0789281121841,4.67697978990023,0.936111111111111,19.0065867804518,3.85185066884406,0.976444767643477,4.29846789761247,0.867230438121971,1.36565704094459,0.635593213770537,1.08036434262787,1.93011962007037,1.51852694557951,0.880402431698535,0.672309143785795,0.145724507202116,0.999245271029153,0.870815075287163,0.330466952766962,0.33626662952064,-32.5865677235868,0.637891095496238,1.76975066766493e-05,3.3548631847263,-1.03007677760403,0.944334612642188,2.29923928043819,1.05269991630886,173,0.177175922157209,175,36.3581009373642,321
"63","2",0.223357272969791,0.233861877325713,0.47400606240892,0.515046047079417,7.78479795329292,-84.782390697585,4.96664859822608,0.936111111111111,20.8850618749902,3.9470107292358,0.964115788097652,3.69556904914025,0.771163484549016,1.04041879927806,0.384261132786013,0.442934998953398,1.73003188024929,0.938150710958112,0.35668568099914,0.705475013421984,0.417645282548845,0.999081023078858,0.839755751129426,0.64679434626107,0.999361500352041,-38.5604607570094,0.599383969676974,2.62215238557154e-05,6.4080236967912,-2.48988575087528,0.918350310902331,1.89668861246009,1.02817229357367,198,0.241354570871558,175,32.3032708626547,320
"64","2",0.223357272969791,0.237274701078895,0.47892953920784,0.600232950043941,7.72219081650125,-89.3419868618966,4.76349403917762,0.918055555555556,16.8965623981178,3.67724820084786,0.964797423613845,3.06426291675518,0.855801720174822,1.46088976815286,0.627680100375616,0.904879981721559,1.92032827611052,1.4582355919202,0.803032028446633,0.713207708720797,0.132673056926278,0.999081023078858,0.790996454024097,0.62995189084948,1.00182124057054,-46.2144623776977,0.476147142537558,2.53090813902569e-05,6.17201869675186,-3.72819150580084,0.938694554546365,2.34944795426489,0.931116404755498,173,0.185539748852752,197,40.9713899866501,320
"65","2",0.223357272969791,0.315972009566064,0.512438464619759,0.626794613063225,7.15891672724801,-90.8449441693404,4.72659683915553,0.902777777777778,5.14752599707634,2.2404299600974,0.971071843030502,3.39253420813273,0.865334429290034,1.97276398703797,0.493060838125232,0.601128268726793,1.82341997136607,1.28497404818582,0.498523001007078,0.696716950762564,0.108614540044273,0.999162689902169,0.788221768712377,0.398414297606489,1.52724654530649,-42.8195627687362,0.534100225095383,9.57896990808597e-06,8.2609970197662,-3.09132118580454,0.945390120613986,2.60765649603113,1.29174211497162,209,0.495022921691629,197,21.4287321857111,216
"66","2",0.182746859702557,0.31070599193855,0.471174304365502,0.519491086416387,7.95174031060132,-70.4292124475204,4.1939062698131,0.936111111111111,1.88202946230516,1.52056452972134,0.987651851735804,5.46354132336569,0.957101396791626,2.75327672047567,0.857549275029315,2.25878017744943,1.7602593062766,1.75876000197923,0.975270990945513,0.621039621901491,0.0285403277181941,0.999406879355179,0.895350678874805,0.0883958928128002,1.88367402177771,-22.1396144028264,0.71214712926989,2.48931585441859e-06,9.25731892237655,-4.97321501544632,0.971437810318806,3.13046217654629,1.68646876664663,210,0.512687409381393,215,8.12821623994549,219
"67","2",0.304578099504261,0.397411699299907,0.529470280049194,0.566199329787416,7.91958195650882,-77.1824807389189,4.46749722681119,0.930555555555556,1.90824973081614,1.54906556079587,0.981057164781796,4.32749744208425,0.928271206178323,2.21467161219401,0.78016430351667,1.33258390193696,1.78825498285674,1.69003854966808,0.903626749525418,0.658431765998604,0.0190679676257169,0.999275387924862,0.849485964110231,0.110575538544356,1.44077612134388,-31.8988798782241,0.606057570492903,4.00086669843079e-06,8.23417782378337,-2.38626958764183,0.960880305927798,2.82715180721465,1.88913407491787,210,0.735419597859665,214,9.3458378549327,218
"68","2",0.324883306137878,0.276270634291679,0.503554915883684,0.543428686338589,8.31533064709354,-90.1938234733526,4.49798210915407,0.927777777777778,8.87057557448092,2.84129386996073,0.978741902594789,4.22719820476326,0.911310029986587,1.96469826998855,0.719500633236947,1.28560879127734,1.75764071424588,1.56828128960404,0.824123873882397,0.665549591714166,0.0642971904958185,0.999267366510097,0.835300526375328,0.421361277064091,0.658740329788863,-32.6835957447005,0.600024320022014,1.0548350219062e-05,3.87332288097163,-7.36098016233657,0.95753987650675,2.64353737212719,0.977943084798217,174,0.173529155715854,178,27.6432813714044,216
"69","2",0.324883306137878,0.369273402594938,0.527778925390977,0.551174435418411,8.04637463175374,-81.0913950020512,4.66302725343045,0.9375,2.63324639139683,1.73151282572103,0.982430588112204,4.68697021738413,0.901546020031634,1.72209882710093,0.653258571018692,0.717095797111543,1.77926651413249,1.43187293284716,0.709124025664217,0.651049749333945,0.0256905490339742,0.999308775693388,0.832379033563294,0.214307198507159,1.1594297429275,-28.4029019053452,0.644348285576934,4.05851021424012e-06,7.4091163133995,-4.67361952286807,0.95991813819456,2.72898082281561,1.71088222326386,210,0.783714854413121,212,23.6392078481817,218
"70","2",0.263967686237026,0.337487626419531,0.517695047947318,0.557769880477063,7.7409513083846,-94.0534700091463,4.58306601788524,0.915277777777778,4.47573661662453,2.1767875197013,0.979156721125723,4.11111921965937,0.896890478211201,1.78593463592267,0.610521318944364,0.638238638627746,1.78980394808684,1.43858310501168,0.633116137849097,0.660144224139913,0.0385808003855768,0.999270529035797,0.827375793691739,0.233849989572324,0.688206558129006,-33.5978264707083,0.57956697330561,4.8573015597014e-06,4.90807043022162,-3.38483968051501,0.960639943110126,2.75285032466507,1.52426636415462,173,0.48324836083373,248,19.5313220271118,324
"71","2",0.284272892870644,0.279908942475088,0.496066294395603,0.542800375350092,7.47642978265347,-94.4777426104737,4.55610478900588,0.923611111111111,6.56968278157405,2.54234053613796,0.979305455441844,4.05539100010941,0.913219182641732,1.93514400219011,0.704604942410826,0.889641398863021,1.7883581843806,1.82074320386063,1.00273617812369,0.663405909867781,0.042204096453278,0.999289331875877,0.828611239869818,0.308130723287698,0.735567730674969,-34.4507144773475,0.571900584681536,7.06859606694289e-06,5.46663718550322,-3.99565932762812,0.962118795682295,2.78851613973863,1.40708119322643,199,0.374987824815197,247,19.8056449994263,324
"72","2",0.243662479603409,0.288573738820877,0.484830622139086,0.585268991469762,8.72752193171745,-77.5540880052125,5.04516871167075,0.911111111111111,21.164586030504,3.89167702736967,0.948134117803209,2.59730496954561,0.769542760055759,0.988469165625491,0.506467121987967,0.680595017631613,1.8845673220073,1.13023326743085,0.574406064755797,0.747545920457554,0.375994072719497,0.998928475596643,0.718814315697472,1.51985985716669,1.02696219631486,-51.3338209682712,0.354521581354758,7.66000237212682e-05,5.47359708299029,-3.18680097680412,0.922101704484581,1.82617873854279,1.16711176726566,199,0.329246510095816,175,31.0351880088389,319
"73","2",0.223357272969791,0.306739658295214,0.489585354181768,0.631245341967273,7.66598957949119,-90.9320261492044,4.50577603519338,0.898611111111111,7.98047630386683,2.70175172462353,0.975040575053498,3.48966795495692,0.918108831288121,2.25888654465987,0.764597440924823,1.59481449168628,2.00906112900183,1.74079066389298,1.00012476137967,0.683820441979631,0.053411001924219,0.999216204756675,0.84547109515349,0.22884471012778,0.92652610789637,-41.4864469640194,0.513624169553522,1.09093432225695e-05,6.01128574146232,-3.5475466222655,0.956491521247573,2.70913600606614,1.0953470252563,210,0.280694261138236,245,19.1469957546256,322
"74","2",0.243662479603409,0.294407454946543,0.5076837225228,0.554638573114443,7.68989428229487,-91.938574995455,4.40712039995395,0.930555555555556,8.05515303322098,2.71717514236849,0.978356046678956,3.79034075279255,0.93381948110664,2.35005121392254,0.822279533264564,1.85263006971158,1.92921030759177,1.71751488860357,1.03178659547998,0.669382544028256,0.0405163979818721,0.999250602190896,0.841691117258594,0.26302741018039,0.666853070670599,-37.4932606496419,0.538787609023562,9.66364261554311e-06,4.91411299737394,-3.78032774188589,0.961718552398192,2.83432484823523,1.18287659201557,173,0.337260287038314,378,22.5219643003417,323
"75","2",0.304578099504261,0.351820060523654,0.510777628919219,0.589710213639355,8.02361132058401,-77.4478959825343,4.34211443161747,0.919444444444444,3.75556105628456,1.91479870258146,0.980481239850852,4.0509088684672,0.938253300704223,2.46661491438531,0.83357400777644,2.1227239473516,1.99172416891714,1.74425268206457,1.06340009052105,0.661886451501239,0.0356213897964527,0.999285027851825,0.835801869231505,0.16302295655982,1.2565119743548,-34.7345795222571,0.571870304255242,5.6940394185476e-06,7.37218566236449,-2.24430113437742,0.962937975677546,2.85450216672278,1.55402717769255,199,0.609736730341857,177,4.46509064288947,323
"76","2",0.304578099504261,0.446334302983308,0.584201074724649,0.632344669861832,7.85881249347086,-84.5731087211187,4.64616385770967,0.915277777777778,5.19916131809038,2.17811225393647,0.974459807509769,3.84345729269078,0.871137713160356,1.40385728639723,0.624566990572036,0.735154202797143,1.79974821039391,1.39178905781323,0.662870655180581,0.677382370808965,0.0361223609022699,0.999226421924844,0.786348576138559,0.365143979082318,0.926211439989617,-36.325584417099,0.562570860894586,7.2999992596699e-06,5.95807241893097,-4.99880960583249,0.950850701555005,2.46202038261018,1.48893683423044,173,0.426064663861749,175,23.9154244498941,217
"77","2",0.304578099504261,0.353095407084664,0.547746000053259,0.6119341174827,7.65579123210277,-90.1978762492661,4.61341054870266,0.920833333333333,6.61662450357312,2.47442218214219,0.971734810805717,3.33563520377991,0.896543621910557,1.89254106552598,0.689393503670045,1.20985987059305,1.94820655031018,1.44067421289522,0.715693132689846,0.69339842373564,0.0581215414227765,0.999172350161475,0.782348068068497,0.452309745934249,0.766885940581204,-43.3267969891571,0.505833210167378,1.29738650642524e-05,5.58403065255948,-2.77087577695849,0.951174008834897,2.50118459967616,1.26847204330504,173,0.519066630997459,380,22.408719638975,216
"78","2",0.365493719405113,0.413735041306283,0.577849744725774,0.651278334753511,7.94729973428104,-80.488810855099,4.65565471378268,0.897222222222222,6.98928650999274,2.46545893948524,0.96806017750551,3.13180289836304,0.886860506647746,1.79377940708141,0.719644874259361,1.161290554083,1.89752060943675,1.58748747986944,0.899422006443929,0.701019745685688,0.034973465247354,0.999136192312784,0.778142378823373,0.372132403889797,0.684291580421115,-45.6380299324922,0.490224643724711,1.24153025073353e-05,4.9733591855895,-3.63302204571057,0.945769084994737,2.41082219368532,1.21931149912902,381,0.424922551809323,379,15.7587587584742,216
"79","2",0.345188512771496,0.401337938340969,0.562223579491138,0.605416792467657,8.04287342570819,-84.7719010115532,4.52591019283335,0.918055555555556,5.78421301762821,2.31611826408496,0.974540296647133,3.52711096009096,0.912312361782931,2.08458547683264,0.735640190865668,1.42214663271219,1.89033611077684,1.55725542134846,0.814957396637577,0.680699303779087,0.0265932462795507,0.999224620758231,0.804354197292971,0.272682980169095,0.881993695940235,-40.7132887618823,0.519337288086811,9.68990430832099e-06,6.0056293976414,-3.73120954519937,0.955432810508145,2.59975448753503,1.33000526272961,199,0.426254035700045,176,15.5270018177605,217
"80","2",0.203052066336174,0.261543066600811,0.485156896404894,0.554696089734132,7.21162179851437,-94.7186791355952,4.35096417112116,0.929166666666667,7.63225824393493,2.66621703477701,0.983265570059316,4.48522935251175,0.939558904977787,2.32432123686638,0.801153443008471,1.78900530269649,1.95610636177296,1.67135495870262,0.922518390437758,0.650117695813608,0.0311063409618161,0.999297325108351,0.841434070851998,0.279333630724258,0.794376418264132,-30.2687299331512,0.616607481178189,7.28035432532882e-06,5.57723951634264,-2.97185321544848,0.966319429323417,2.90960210090545,1.41268592806109,209,0.411150700424603,213,27.410108197806,218
"81","2",0.243662479603409,0.247483864240098,0.475371532272863,0.544154464767953,7.82764972901493,-87.8842542678684,4.69655134182894,0.922222222222222,14.1957640008598,3.37471393361083,0.973994212531911,3.78327390970938,0.867155955361831,1.73375236083157,0.527125044986654,0.63884088874715,1.8304370688371,1.19437165730588,0.474391918140889,0.686952378585948,0.143811301363993,0.99920282167974,0.824400196040402,0.392048580968492,0.609480963504605,-37.7234875202863,0.589903150677031,1.56288304268997e-05,4.97432147281864,-2.85958772215527,0.944212322097233,2.49899123067739,0.982727339220411,210,0.208227930349794,213,25.3251825092005,217
"82","2",0.304578099504261,0.355044290809917,0.502503774950523,0.518533620645442,8.02781944852788,-85.0546754308725,4.3367942901255,0.944444444444444,2.68420805451705,1.79093980983638,0.981471086949541,4.19709851066765,0.945251415415296,2.31309969549706,0.856652598615665,2.00315985250205,1.81493818674645,1.88244472900419,1.21417797664227,0.648058173598575,0.0436175186225223,0.999287650025763,0.8540619657477,0.116468308898336,0.83805866686135,-32.8000011206884,0.574971095262633,5.34760526633129e-06,5.85470834621318,-4.07032664198448,0.968278201134656,2.9457479123279,1.69283358369087,199,0.548621791297307,218,6.14178908231747,357
"83","2",0.304578099504261,0.351387309009763,0.521600672642394,0.552504468453936,7.73993945107024,-88.7529511785903,4.44251652763651,0.927777777777778,3.57642810894946,2.01893920644003,0.978922129727615,3.86168009546287,0.930549520316373,2.14410928235876,0.777009771364911,1.57054562155449,1.89529463475364,1.67493488608608,0.921632896105083,0.661548059563657,0.0376484319319959,0.999269727416939,0.847578470539578,0.134089734907181,0.619594463266493,-36.5106085068315,0.540653725558411,6.65684415898576e-06,4.68760036049518,-4.24639842847557,0.964131139227522,2.80207466767708,1.70162949491204,199,0.60101559485999,175,9.21870389559935,356
"84","2",0.304578099504261,0.444287827088108,0.549821545884382,0.574942434444185,8.23676683605444,-70.0673523206586,4.48976533402809,0.915277777777778,1.67430410308827,1.44903107118643,0.978749503391837,3.88783344291145,0.925141672352603,2.0950927109929,0.695458984639112,1.08099209365781,1.75976084384356,1.51311942835149,0.671199715310528,0.651592322746137,0.0200940757179641,0.999281892101202,0.833017872740352,0.123057947901698,0.529036225401209,-36.0668367498817,0.543932684711221,5.4412894934349e-06,4.3494312573293,-3.86712922937249,0.965577718360898,2.84680911260849,1.50263901524452,198,0.520953680390358,209,1.74008727238109,357
"85","2",0.304578099504261,0.329318856415624,0.518053888690433,0.585623539292431,7.15269418692659,-95.9098752736656,4.6679957583179,0.915277777777778,5.27679860538812,2.35074278582453,0.970203499178169,3.40598245434457,0.877055224652311,1.50041878708973,0.683053115041691,1.2308754420955,1.96156855469713,1.56758191398973,0.908115085331453,0.694960422250915,0.0848348924996882,0.999158878654997,0.812855247786617,0.264059372720694,0.880399350391694,-41.8771848822415,0.51847810257533,9.81919415725641e-06,5.76758515916185,-4.12499690855716,0.946466410262866,2.27945946706974,1.16808341637813,348,0.433162115380525,176,13.9249421524709,356
"86","2",0.304578099504261,0.357633198832329,0.540684687942268,0.617975716180286,7.47205044285846,-93.8936138288516,4.72746782116177,0.913888888888889,6.14457681728965,2.50886584441746,0.965347720294542,2.99685550587032,0.871617436232178,1.53027110185787,0.678032294377204,1.17945967586873,1.97554911397338,1.48879352365557,0.841540343042557,0.703682011989121,0.0782073161379006,0.999125657857713,0.778433318554227,0.394755865888831,0.563185450253455,-47.5763125890437,0.467266477218369,1.26192980355989e-05,4.17632710558646,-4.93212322662613,0.943192957191488,2.23938117924366,1.20543287007954,200,0.414216528464903,174,15.3467879105467,216
"87","2",0.304578099504261,0.444861593397473,0.542822259881662,0.626725016258269,8.6958869353852,-69.6685600413257,4.65570472849586,0.888888888888889,1.98377615568087,1.52703864322098,0.978555561695522,4.10463303233958,0.864241371670831,1.48580471926224,0.44184471612164,0.397047414882357,1.89911610518296,1.1409852071016,0.364513978591334,0.664465717512354,0.0251642203738267,0.99923414879824,0.827787755706666,0.164766968464821,1.71609291905961,-34.1128205746427,0.559811971451834,5.50288652395092e-06,9.13703704278843,0.185226961850553,0.955922952666121,2.64741892699332,1.69925755017858,199,0.78612657494538,251,2.55253138733305,325
"88","2",0.324883306137878,0.419484669238413,0.562575975762904,0.557502977736703,7.92474887613127,-78.5213271577276,4.43997032982587,0.936111111111111,2.43902175811117,1.63993192657749,0.983454720797452,4.72581383819329,0.933048178908173,2.10696704105726,0.777103733531998,1.29123254553312,1.74920024780125,1.63106203015826,0.891437175126944,0.637722188868179,0.00498183437870892,0.999309015279917,0.860906063055409,0.0900131383580375,0.827929942018926,-27.2647400997318,0.645835028349405,2.61276607165389e-06,5.36824069706822,-4.41255506867029,0.966656871998981,2.89247383942871,1.52107320559036,174,0.707925672984293,177,10.8345449520766,219
"89","2",0.223357272969791,0.257560087045511,0.487222108181047,0.552601848818302,7.07128071597137,-96.875020940501,4.55439000594909,0.923611111111111,10.3333028393256,2.97701676014051,0.980278016851259,4.42122003314803,0.889211891453706,1.77810789665624,0.600900210850485,0.692853824379859,1.86801834735949,1.58479223632964,0.780596765965836,0.663511936040443,0.0526858332276155,0.999298163761623,0.823968085499912,0.293025982554503,0.74232343186896,-31.1022379307425,0.645830607392454,8.36735766968163e-06,5.47270942414184,-1.99763716178713,0.954338742750023,2.62873509820917,1.23855670032241,385,0.360569132054836,197,45.3143648343288,322
"90","2",0.223357272969791,0.27305477652609,0.482241816968559,0.605473364575231,7.85160029770751,-86.3854775225432,4.81980920935633,0.922222222222222,13.3584999167081,3.25966751834118,0.965818720493605,3.31376065389426,0.838269081232358,1.35120033949413,0.585954487081655,0.773902909165661,1.93268957949125,1.39057689743347,0.743150775531845,0.712873774304177,0.115517223010207,0.999121735521073,0.81215300122762,0.475818967308038,1.38184539098687,-42.9869726833607,0.535062133933477,1.8601029427553e-05,7.6509589439927,-2.32028991215206,0.933946457862421,2.19800888804725,1.15137608914113,412,0.293414030474749,175,33.8645329261937,320
"91","2",0.203052066336174,0.417315523254616,0.528201111106195,0.634344528349881,7.66493074077513,-72.5242302193156,4.66974272149772,0.898611111111111,0.992860968902786,1.31262520600741,0.980872982845478,4.92435348142627,0.873322583815749,1.36636607516198,0.658934252197326,0.861529218355996,1.79339910996312,1.49131862752083,0.777469505268187,0.650440557964399,0.0326067930727059,0.999279973781177,0.87103113786988,0.0662558359399165,2.55725319100843,-27.191386567331,0.684061471476604,2.35885443220249e-06,11.1498063425093,-2.57434695176593,0.9507821540377,2.41284580156823,2.03527759158301,210,0.883319546832947,176,4.20047550004312,218
"92","2",0.203052066336174,0.264037731471887,0.489471174972246,0.606150251116436,6.78503888710275,-98.2169066862318,4.3342894094486,0.873611111111111,6.39748391987019,2.41630725575692,0.98700151183057,5.25704445501212,0.946015711347773,2.49193633641729,0.636981129182443,0.862905195471654,1.70698118695336,1.40745359524846,0.472138090370844,0.61364318417656,0.0145750894318457,0.999406879355179,0.880211852236976,0.0778516355869271,0.507779988162586,-22.6413512897997,0.68629934266396,3.13413554415915e-06,4.08579405832286,-3.08323738415398,0.974522868213034,3.25777377516299,1.50799326898483,210,0.443288030409541,178,23.1874896112123,219
"93","2",0.223357272969791,0.304633365808837,0.508579157967687,0.641150810959818,7.00988175478989,-94.2523096699806,4.76645312852666,0.890277777777778,5.58318576596453,2.34403720144673,0.970501554339308,3.5981624548372,0.835700592613175,1.45303920847255,0.414093373227191,0.503726978537973,1.76275798326872,1.06753601518727,0.394209441071943,0.692293280409474,0.07535633093543,0.999154080142075,0.779447052952202,0.416794721733441,1.18864038753494,-39.6426739035594,0.566081259346923,8.97910757356852e-06,6.957709949185,-2.17991394648882,0.941110823094716,2.30081841795486,1.27714778139085,346,0.479556895321584,211,27.4629698174513,216
"94","2",0.365493719405113,0.431488816215829,0.582221941559082,0.620840934434621,8.87387245523346,-73.4965127933999,4.76817440590321,0.916666666666667,4.75639651766497,2.06462262403996,0.97497459992236,4.01798217371973,0.851780142751667,1.37199719360823,0.545488674874376,0.540404764654688,1.79206898885045,1.30898711763562,0.573918167730164,0.672562751669907,0.0287723335457362,0.999224673327761,0.838770846217309,0.137175082451839,0.625625641366253,-35.0462571552487,0.598371660216013,7.08302352730396e-06,4.57357950281918,-4.74208431175225,0.947955282235289,2.39725584384464,1.28356837255626,198,0.408871206306766,261,7.07385356652352,323
"95","2",0.203052066336174,0.260932256840506,0.473539522813639,0.504935890007819,8.22030122792026,-78.2977877137074,4.49423466380129,0.931944444444444,5.43355228449398,2.20365903391046,0.982509274463204,4.71045537524838,0.916029696605247,1.86205959559251,0.719438804235217,1.30683697796548,1.84928138354596,1.58661888031393,0.83097893889214,0.642409829031147,0.133287373535314,0.999291723911397,0.886323418860466,0.199999887599273,0.625894135649698,-28.624351648121,0.655744586390379,1.03573559632153e-05,4.9877845081171,-1.63784643542322,0.960001738580563,2.6704022119902,1.39406938908207,163,0.712441732625958,177,5.47940066693699,220
"96","2",0.365493719405113,0.318691824034066,0.515489766034994,0.572503741901631,8.21526807380329,-82.5858622085923,4.70147075428289,0.931944444444444,5.91474054942938,2.31453970517338,0.976836671259285,4.24747545487326,0.879126200880857,1.57705204621151,0.657835098740782,0.915722255640608,1.80960259183156,1.48020262443694,0.766217056178421,0.666391384878504,0.12094272083334,0.999216956648594,0.870313299117538,0.209911478855909,1.12783449779252,-33.1359580924733,0.626645605059707,1.07464983254159e-05,6.85584081891832,-3.4834868625827,0.948530211308443,2.39636120898882,1.31272057392648,200,0.334411328556269,174,10.9100618206777,323
"97","2",0.426409339305965,0.489128390538526,0.611591269524313,0.628838310850658,9.04914013127365,-79.1026898469024,4.77528768590899,0.923611111111111,6.68387268563329,2.35671258096938,0.965733061696384,3.13568667917053,0.859939503590636,1.59331885240707,0.624052035589786,0.753082261458342,1.73617261885668,1.40210583870034,0.66933640138397,0.700072595937969,0.0829998701503702,0.999127446955924,0.766959359927249,0.341757208056345,0.315838095292109,-44.513107858408,0.50469609089705,1.45734456335732e-05,1.87539894418469,-5.73062661403321,0.940501345641543,2.42177562826445,1.22706395086754,173,0.498456551937552,81,28.1528596727305,218
"98","2",0.4670197525732,0.539012487463381,0.623552558419131,0.640621023866947,9.66966941171684,-73.2355415525112,4.78463439907976,0.898611111111111,3.56090895135356,1.76274496480334,0.969049475963073,3.6770173230697,0.841328124593525,1.18329392446281,0.57684129427723,0.740329614148007,1.61440332020688,1.31738982411135,0.667451907431551,0.687821524534395,0.0424359315419606,0.999162556360755,0.805145446247549,0.15352374708828,0.522164652804133,-37.9094149239206,0.560750446650289,7.04342437034901e-06,3.50972593843955,-6.66320718418802,0.941008169841119,2.30427071989658,1.68105407077749,172,0.446265503367156,226,16.7785790742501,217
"99","2",0.324883306137878,0.43865476228839,0.567273456901659,0.624625021363645,8.70047426998466,-74.8320418518684,4.62916525724936,0.897222222222222,5.24062825204356,2.11981805589107,0.979231738190849,4.27933186712618,0.878231544692794,1.60103234026143,0.555855750999978,0.562094331465698,1.86275507958543,1.29520188008714,0.487802474470934,0.657029518310462,0.063378878297834,0.999269479882516,0.860541865237231,0.132960665461017,0.38770882202076,-32.5092903058524,0.612198399220085,8.63593503247301e-06,3.79630674612904,-2.22788524724251,0.95629036107903,2.58875588462314,1.29771186043155,172,0.520213052631038,80,8.11440470818879,221
"100","2",0.243662479603409,0.30120156081273,0.49601801319769,0.603140172156253,8.32217616206731,-86.6912509779979,4.43200514698967,0.9125,6.73877916691532,2.44115140253033,0.980817994039693,4.14738636715928,0.940167355427282,2.56040835070002,0.863613226619126,2.32973646636181,1.94428450426856,1.85303622480905,1.22423146299797,0.662379487056302,0.0351644380048464,0.999270983173409,0.86294528716495,0.124826627681455,1.19624188240849,-33.9827558662674,0.591364722112437,7.30910659295433e-06,7.5314341330311,-1.82879379678437,0.960786371060353,2.90485141826788,1.30506715611064,163,0.426888086840843,249,13.0207641516795,323
"101","2",0.284272892870644,0.32965089489546,0.501280436981593,0.594524933215567,7.80651767222465,-88.2283557434325,4.3743279415864,0.915277777777778,3.77558556751347,2.02867893361509,0.981104193147807,4.15656860327162,0.938776794533978,2.35540234315804,0.829095898500042,1.86913990086416,1.91013580764148,1.74199828663811,1.03870404341279,0.661166509355288,0.0327614576102141,0.999276442777537,0.839693869057004,0.168113792963135,1.15032610155429,-33.6388491785208,0.573576054668019,5.70689081082683e-06,7.32004681313696,-3.08756779208229,0.962292066714166,2.86120121727098,1.44568232467638,210,0.406798190092849,252,10.5763249580755,217
"102","2",0.324883306137878,0.360283567865407,0.50747319210033,0.558892744436772,8.85597022857202,-69.9952506181474,4.46044028633399,0.909722222222222,3.5158765518494,1.8002528871446,0.985855512284061,5.25159193734694,0.92130416459061,1.89457361350905,0.672257968207046,0.831811000699953,1.74115428996083,1.5285544305548,0.71487533363504,0.633667132140768,0.0557528772604864,0.999332567859772,0.877969004468355,0.150183459882793,1.39295116739099,-23.8765058433333,0.701149792132345,4.21724788568839e-06,7.89231098431867,-3.39762545336795,0.965166450254684,2.87573001723012,1.51471225482364,209,0.54145862897857,190,3.99132004080393,325
"103","2",0.223357272969791,0.275500421072056,0.479933095939233,0.620679592906481,8.35914862486511,-81.0549852130464,4.55115170476786,0.919444444444444,5.10008430808159,2.22840992399409,0.978200391373038,3.91681121089933,0.92232904593768,2.25901651242718,0.792409371554455,1.64253405201583,1.98305849211614,1.66151354227727,0.962399139467113,0.676927962114535,0.0633378259936964,0.999243354398422,0.849647784439788,0.160250896911261,1.71307336569892,-36.5579953386648,0.569375103637587,7.9356412728259e-06,9.12644691366041,-1.64420045344255,0.955507749425369,2.76338185819685,1.31423285060348,199,0.441088738840872,251,10.778697684011,217
"104","2",0.365493719405113,0.345669912347763,0.530382360078614,0.611452236266098,8.27214301570541,-93.1090240043235,4.37922457060443,0.908333333333333,5.15836284070934,2.29598879927384,0.978978494578211,3.8433412942108,0.935351387679566,2.55240854812458,0.790839165267273,1.9925204188076,1.96718065417089,1.59413250292354,0.845747981496361,0.668527589759802,0.0260510420374338,0.999259198350571,0.822254496303815,0.190871904740307,0.69864869498347,-37.2080009680287,0.550506455874173,7.14857809101208e-06,5.37818476023666,-2.98404037344235,0.958422793469059,2.86889011493305,1.47590338557226,209,0.420228657888732,413,15.4237909143445,324
"105","2",0.324883306137878,0.289827027984185,0.513363185247522,0.633807140157299,8.36714237725443,-95.1758004256791,4.66286795874638,0.902777777777778,10.518244244563,3.10847622352248,0.970708775825583,3.34021684409726,0.887656775173075,1.77282384281946,0.69545666187085,1.12871233237734,1.96758113921816,1.44513477938474,0.754696963764864,0.694396173041314,0.131039321274012,0.99916201295076,0.805449083094419,0.35394594227502,0.427600316551942,-43.035593339373,0.517897264838606,1.54314459270514e-05,3.60447158418237,-4.15642698550375,0.947472673452088,2.45996929891113,1.18821770930385,173,0.129605859742976,394,34.703329633847,321
"106","2",0.162441653068939,0.281474777250452,0.485166521624197,0.574762537314382,8.81661344005331,-68.1220938554134,4.63649978829183,0.938888888888889,9.75113067613341,2.67615406839717,0.979548100047524,4.38239786851319,0.905733623350256,1.97464650669749,0.727768977858598,1.34031709710103,1.88730397775791,1.64202085115252,0.947839961362294,0.667337334745805,0.0565620367016002,0.999262711872116,0.877476007482371,0.134495881821464,1.78590721384035,-32.1821627137657,0.632390782106232,9.68171772972051e-06,9.2790926579715,-1.62922789341455,0.952777209833655,2.64577091448982,1.26955299050979,198,0.349098118216549,175,13.2985244858856,322
"107","2",0.365493719405113,0.414784308780184,0.558436989014601,0.58683148786775,8.74763794076118,-76.0045523244437,4.56403642687495,0.9125,3.3470016679399,1.81377126419174,0.980000988932937,4.2752658543026,0.89601671880715,1.69290590023903,0.610848302939019,0.637524377124766,1.73640994404233,1.40642513311777,0.617005257183307,0.654324180205276,0.00468073105651873,0.999264172520824,0.828331446733109,0.135535404190185,0.208199927770067,-31.9104566100748,0.589035723742428,5.54134093897692e-06,1.9373482938155,-3.1345430529364,0.962157701088964,2.79984899038674,1.53915838659995,98,0.566630619073877,102,11.7608021914057,219
"108","2",0.345188512771496,0.373316312177601,0.555112814071414,0.632153883422266,8.48212843478969,-87.2918731676073,4.81278078618113,0.915277777777778,8.90786942080976,2.81627693202877,0.959974100838142,2.65705096789267,0.858556452629093,1.63920521898837,0.627959418646927,0.932771695304542,2.09555634330097,1.4750415348909,0.793050112791948,0.720300575614647,0.0908075018979759,0.99904031063725,0.720427905174791,0.678178145290548,0.414270567046849,-53.5749601937481,0.42565643790416,1.98271105714643e-05,3.64168044199496,-0.846966179759989,0.936474899925325,2.309242783961,0.982973952825877,198,0.401829332337618,380,25.6741365959351,217
"109","2",0.385798926038731,0.376972736319724,0.561450726113001,0.61925012822655,8.02438984779472,-89.0636011772099,4.77299892041049,0.9125,8.63626553294442,2.83325921653441,0.965644055465144,2.99340519817019,0.875000860594662,1.77017998505558,0.659896463023358,0.997048482009981,1.86146649769008,1.56751455052848,0.856335601435795,0.704016880483848,0.0690880139988315,0.999124898209943,0.770790855972862,0.474724447794411,0.233516039162289,-47.425722302993,0.44753887454565,1.92816657581741e-05,1.88869376611019,-3.72812290691785,0.944077308628656,2.43177924471164,0.896050293045777,98,0.282475726173709,111,34.0237199958888,217
