"tsId","class","lempel_ziv","aproximation_entropy","sample_entropy","permutation_entropy","shannon_entropy_CS","shannon_entropy_SG","spectral_entropy","nforbiden","kurtosis","skewness","x_acf1","x_acf10","diff1_acf1","diff1_acf10","diff2_acf1","diff2_acf10","x_pacf5","diff1x_pacf5","diff2x_pacf5","entropy","nonlinearity","stability","lumpiness","unitroot_kpss","unitroot_pp","trend","spike","linearity","curvature","e_acf1","e_acf10","max_level_shift","time_level_shift","max_var_shift","time_var_shift","max_kl_shift","time_kl_shift"
"1","2",0.0520204347580004,0.0405137073363742,0.348637196863431,1.04350907461056,10.2652772563561,-244.577495408596,3.95041758722844,0.180555555555556,-1.05188729387819,0.562390863657915,0.999712056316243,9.97593196703975,-0.269783725552743,0.24861844326505,-0.548473779954165,0.550817100913419,1.16656107224495,0.233759652846153,0.845246641718217,0.327695897077754,0.00826234698420069,1.00523651477285,5.09983238002243e-07,4.37696910700514,-0.435344424138505,0.996440429486787,8.44950888610196e-12,11.3510611122552,-9.14445870315281,0.925202982241633,7.88824589038986,0.197174661883207,951,0.00387206490564279,1497,0.139167104725715,1507
"2","2",0.0693605796773339,0.0326412631072719,0.345803919768388,1.02939393917993,12.5904341460384,-240.693498608056,3.86430282058338,0.181944444444444,1.49187954354313,1.34089344432614,0.999673350684093,9.9378377545747,-0.0075513340701106,0.848778443742355,-0.64588121970277,0.461040004743309,1.07277050997784,0.417685654943485,0.966718669980829,0.366458211154877,0.00102533439015113,1.00453805889698,1.05608596357439e-05,6.71359601026697,-0.969942576756795,0.983740232469933,1.3233686278983e-09,20.6419537695462,-11.2370532450993,0.992050445694351,9.45893205182816,0.418317397311349,962,0.0172198983374319,972,1.35176382686436,991
"3","3",0.0404603381451115,0.0395560459085447,0.318203105249925,1.0334692272473,14.2392763136214,-42.1842296252131,4.01554323759289,0.216666666666667,-0.709129216389615,0.0655663603895274,0.999721204621404,9.97198038584909,-0.17912728285745,0.207764867899066,-0.499405638736821,0.45588987904918,1.09075846543645,0.193682590054543,0.777647944623642,0.325799103038915,0.00124040747385374,1.00508919956114,5.6566639906921e-07,4.03008886132644,-0.377744339142201,0.996371511641178,1.85299399527982e-11,11.4519207850669,-0.186960641405301,0.942071166988659,8.07167485532401,0.181861245885546,937,0.0037213132524516,1025,0.214054443950782,1028
"4","7",0.0289002415322225,0.0359084105022454,0.381869069963971,0.945138789428283,9.01952677806507,-428.776811545168,3.94635509918121,0.472222222222222,2.90548217676028,1.89749882976714,0.999680112783002,9.93680285140593,0.234273461014038,0.736006786169145,-0.228628272122211,0.501816325095879,1.20715674023259,0.487111487445088,0.518777486396718,0.364178677055782,0.00540106912450403,1.00442004887125,1.05740162164314e-05,4.00425019787828,-0.912389795372011,0.983711861347239,1.13110357732978e-09,11.8928723379526,-19.5683952575372,0.989206118841523,9.37784086183806,0.437399022915875,984,0.0189741556346441,994,5.38416152745351,989
"5","6",0.0289002415322225,0.0327933152543949,0.326604058607745,0.97059083606844,12.9114469170061,-218.663865108892,3.90910957011303,0.352777777777778,1.8250707403774,1.36134278187558,0.999851729718432,9.94522294130452,0.367141613913923,2.13834119418313,-0.39293600920988,0.571433046356089,1.4362685572793,0.623528714596901,0.609773286417267,0.364372999525154,0.0018289040929845,1.00461897724136,1.7995908255442e-05,7.10125182496135,-1.18130931981636,0.976213354295554,2.96338587853009e-09,21.5999462312656,-7.79867900209361,0.996061629624054,9.49863595189913,0.482202412303175,1009,0.0227191578669063,1020,1.76577038399322,48
"6","7",0.023120193225778,0.0297557499038552,0.360659126436291,0.946433029603231,8.60927840532976,-356.095268781879,3.92674971510067,0.419444444444444,0.218303245495441,1.06245034363592,0.999815315505008,9.95633433083651,0.33763697650362,1.59028511792969,-0.295658814563734,0.558222450716205,1.12149735410342,0.567669951187749,0.635797961950636,0.356147668167481,0.00317151529272548,1.00482137536576,5.91829663340179e-06,3.7764743455481,-0.628109462942784,0.988132924541528,6.15019497978964e-10,10.8227064526261,-15.7249206212189,0.994175820199017,9.48148095708148,0.377239047997346,977,0.0160859778168302,987,1.0128643635524,998
"7","4",0.0867007245966674,0.0407715765265049,0.355871491399129,0.983074756712697,9.71539352165396,-373.223799681218,4.06678190425468,0.401388888888889,1.41156262865031,1.41961844633857,0.999756707616399,9.95417484833369,0.11798441116839,0.60528732487129,-0.283873581334875,0.630441450033274,1.1557174636414,0.344823377068517,0.58499547696163,0.358238687150891,0.00452704876225248,1.00474991792351,1.0158758221251e-05,6.43280121105221,-0.866267335976234,0.985108844881543,1.04539377874017e-09,19.2108772134289,-11.0904050751922,0.987911702926043,9.31587607014264,0.448311655097614,1100,0.0185112193700429,1113,2.2992031289189,1128
"8","5",0.023120193225778,0.0333038581339626,0.327875082417476,0.946638427769602,12.1007804343161,-158.819206226832,3.85980994570289,0.5,-0.324285663142308,0.603088208862466,0.999771938660683,9.95892748736005,0.333856857405814,0.878558070071381,-0.116894000256174,0.877604565225332,1.11334087390197,0.713167197531773,0.774509120667582,0.34029138963041,0.000851766346999619,1.00503434698435,5.4515763206412e-06,5.75399138388254,-0.783377405589227,0.990475346392598,3.44840210499575e-10,16.3458308072961,21.0095580526904,0.989478240351465,9.24577878334403,0.393007679056331,1320,0.0127699921628484,1333,0.895843805188617,1300
"9","6",0.034680289838667,0.023158350228232,0.386808055949631,0.963872514613608,7.06841908568318,-497.24539423855,5.38104085296117,0.438888888888889,1.23250065132622,1.58809894879188,0.999026918623392,9.8785874893007,0.230299677063269,0.711555409240976,-0.164399895374732,0.704254491194704,1.00214779114731,0.612521466903008,0.718776937579323,0.344466474173059,0.234025543362349,1.00187854186854,2.12981589818182e-06,7.32420265742162,1.1568477917404,0.99398161673309,1.65779234344061e-10,23.1085728736839,24.5461319836056,0.986041977851814,9.24865518728555,0.296223840051518,1595,0.00825245484551223,1605,7.16589752640638,1616
"10","1",0.0289002415322225,0.0319980184453228,0.391715015893877,1.04353011095359,8.46767548075859,-376.529715025263,4.0510396341668,0.126388888888889,-0.510170897738086,1.04578238244339,0.999606547541599,9.9559417028757,-0.242773490349029,0.178779628518236,-0.608516012733146,0.39554339466161,1.01730953269793,0.159508700415958,0.905775141693406,0.329882688365772,0.0129854032859261,1.00462313892738,7.72982891748389e-07,4.41837269463336,-0.191495108420935,0.996338631486763,2.43144421278351e-11,10.9527204765199,-19.7127593500075,0.953334133815625,8.60049985138592,0.212395939963308,1039,0.00258619461585965,1050,0.22737908060442,48
"11","5",0.0635805313708894,0.0301924431096077,0.330380916048036,0.915468844621554,10.514770897926,-325.989842752429,3.7985946370198,0.488888888888889,1.05300870316083,1.08145828242918,0.999890041240124,9.95710423699884,0.47608299492028,2.13743885266713,-0.213945101482921,0.655718560060314,1.51740866978972,0.715670330971195,0.639153824438739,0.360415147677808,0.000330405021677587,1.00487758042254,7.71596742843709e-06,5.0075733075159,-0.929472744727106,0.985862863718256,8.4521319005225e-10,16.9889843190236,-4.25582825393172,0.995519980215111,9.40827985861737,0.428202548157586,1109,0.0149786266439924,1123,2.46674671068016,1120
"12","5",0.0289002415322225,0.029342653214071,0.35420940573747,1.00377441147761,8.43308873889903,-370.208061157174,3.67165176733984,0.283333333333333,-0.192420963511426,1.05849223844659,0.999804376495648,9.96123856322811,0.0644339287738918,0.642565159443059,-0.469733626602959,0.44941716007291,1.08497450192936,0.266644926603475,0.602390676209497,0.339283401231453,0.00223383010131552,1.00505949005519,1.92484446937973e-06,5.32668298440613,-0.558871929569949,0.992976933456199,1.81442181645484e-10,15.8213988198551,-15.4711463973889,0.986983426469273,9.32829783658847,0.293895909885428,1089,0.00842798460620666,1100,0.425370097375414,1110
"13","2",0.0520204347580004,0.0447332759327435,0.388216808902451,1.01845006845221,9.87000484283763,-400.697222296465,4.11086199439312,0.255555555555556,2.29776491512806,1.74791736021017,0.999585415305725,9.93815834163834,-0.105795979690088,0.269631914461118,-0.466351160559847,0.39955010353436,1.07446356097692,0.19078528443505,0.565461075147014,0.352766552080495,0.0102692087641347,1.00460243651094,6.13750767340952e-06,4.47121196491452,-0.87626741531092,0.986232851007412,7.34561582726859e-10,12.1930715204596,-22.9457671656276,0.98073091339228,9.22294647894195,0.385494321811523,1005,0.0159056823995121,1023,2.95849817119677,1013
"14","3",0.0289002415322225,0.0359605160205794,0.336726016371847,1.01067662957784,12.0152699098041,-267.681505600408,4.03963320429196,0.209722222222222,1.74873807111376,1.27286703202729,0.99978952840102,9.94155892180611,0.158171825670847,1.3896108336644,-0.583472096457874,0.454621257928884,1.2459819144612,0.501151444580949,0.886019835678142,0.362273988846314,0.001003465333565,1.00462966482035,1.75775863712769e-05,4.61243242992863,-1.25098357935752,0.976868519304828,2.26139840576761e-09,16.4608386004095,-1.75193213564428,0.993888793685166,9.36527622680845,0.505944808841362,1067,0.0242487302701111,1078,4.10722951454724,1078
"15","4",0.0635805313708894,0.03418234015482,0.353824227639789,0.961398494836552,9.08798055662843,-393.624088787935,3.97030192682065,0.415277777777778,1.05531585899875,1.37245140008708,0.999679030618814,9.94505547568673,0.161559600017101,0.754728653504555,-0.264196866697339,0.514993738144596,1.07048536608067,0.37172318226103,0.526632988479054,0.351924668844787,0.00357750537611387,1.00457588189208,6.24485965450477e-06,5.35759964635951,-0.607904186078704,0.987538648240876,6.59293557608476e-10,16.24331758726,-17.1775282219881,0.989035415500849,9.39139139859233,0.387262012075293,1077,0.0151809943076281,1098,3.30154576116615,1086
"16","4",0.034680289838667,0.0341554194884941,0.351014433167714,0.970079400962638,10.6884696845746,-359.714780342657,3.93228666938815,0.383333333333333,1.84785980051857,1.57886469360788,0.999774804387758,9.9543766535751,0.137525977232042,0.657755411172702,-0.279029453104633,0.507391138419519,1.14592334219826,0.347124449097141,0.520322685885018,0.360708281306062,0.00285088877865618,1.00491961606531,5.65612181970078e-06,7.12047692571357,-0.793108250166099,0.986989894675308,6.64269764876792e-10,20.2370575391478,-14.4677950664076,0.989496410213419,9.43718716625536,0.378939456077001,1133,0.0126899021998688,1143,1.46039869527367,1156
"17","5",0.023120193225778,0.0310420850003923,0.356218267111442,1.00020544431684,8.52642536591718,-369.002668763271,4.09060538578705,0.268055555555556,-0.049085782672956,1.07637126747235,0.99978294242971,9.9562788383334,0.0999213442031754,0.776188304745805,-0.463369790479948,0.512299267122814,1.08108548540424,0.353511229891814,0.687401413727297,0.346955992237243,0.00569426023239543,1.00477743260742,4.45695027931674e-06,4.71252552855798,-0.530244701476689,0.990004458268015,5.12975294649758e-10,14.3515313218171,-12.0959021125975,0.989921943466879,9.3226265075194,0.357406830387761,1111,0.0118840187061121,1121,0.869916416718794,1138
"18","1",0.0289002415322225,0.0309916702678168,0.386895433219249,0.950565302848426,8.89336104449677,-389.141381467794,4.83737823168839,0.504166666666667,1.98599866347416,1.47042344101609,0.998391990832041,9.81361402810048,0.348649822199172,0.898486274138305,-0.0894400279233606,0.859799284912503,0.999187695239418,0.986153286293061,0.889366885477886,0.355453923923294,0.162518788994266,1.00016810380344,2.34748038484439e-06,2.81467749458342,1.43406538280525,0.994305588815937,1.42665111229397e-10,7.22445681392415,28.5813345017089,0.986578020151002,9.22966880744816,0.294555308270345,1666,0.00897657766399357,1683,5.79773539172626,1736
"19","3",0.034680289838667,0.0217940382613109,0.38862188933651,0.961503411906974,8.13051196181891,-469.763381369261,4.850363489075,0.451388888888889,1.84334187167812,1.73879891439994,0.998883053559777,9.86730408685537,0.262055812049255,0.883513730500181,-0.16358686383602,0.990262262714012,1.0004656096036,0.884359918806701,0.90643817909913,0.343063757125316,0.258345967634494,1.00163609678559,1.36380921350324e-06,5.91113702567867,1.17080105516186,0.99681777304358,2.50713864674387e-11,19.3443727665866,27.2510944877209,0.980519426373079,9.19498550518405,0.247160195880021,1608,0.00560716261327388,1655,9.43216090056424,1594
"20","4",0.0635805313708894,0.0443461536870386,0.318001639759956,0.965038774676816,13.8647151082521,-101.448901150985,4.07727754380952,0.434722222222222,-0.22715064949491,0.140927085331159,0.999735508806036,9.95246356841257,0.22104683702808,0.60572931734527,-0.201416044739713,0.802694019442001,1.17542176019576,0.648003506470955,0.821043253863173,0.361221309991775,0.000175420408456773,1.00475346299798,9.51726382059415e-06,4.93868034581973,-0.94376282720861,0.986754814601294,7.37971067440934e-10,16.4195402028807,7.85859805189906,0.987179239991333,9.0851046124906,0.447912522050256,1157,0.0172965969406036,1168,2.01713127136027,1181
"21","3",0.0520204347580004,0.047550690391533,0.33058555947153,0.998048720536168,11.7006580875679,-150.37775235926,4.22872664422578,0.361111111111111,-0.438449899989042,0.120152572467129,0.999680449508834,9.95474823950674,0.038927221362323,0.340294095420238,-0.304743158238117,0.627339361498518,1.16519293039152,0.341202752674964,0.695974389452894,0.345446719788393,0.000231953449972229,1.00475514615257,9.12193928967825e-06,5.32216555967517,-0.930639207917833,0.985635407873633,9.31532325905053e-10,16.9004793716821,17.946148057128,0.980889112062233,8.96186231953128,0.480524899888422,1312,0.017618883009716,1321,1.1216340619935,1313
"22","3",0.0404603381451115,0.0436585686394957,0.336673705309378,0.996775964317602,13.7026533071116,-38.5401776203124,4.26213855589303,0.341666666666667,-0.112072762717825,-0.316952687750741,0.999674682567218,9.95223654814892,0.0405752319134,0.354380832467492,-0.310207686762598,0.603085427479889,1.15889677133979,0.30265066720677,0.660430533925675,0.361490148819827,6.84394936839807e-05,1.00466119654083,1.51922818963932e-05,3.83093670515595,-0.99038903709453,0.983367770636372,1.38289724433198e-09,11.5825400654713,16.5982877518755,0.983018166241406,9.00337504577287,0.552964094863851,1226,0.031347153099401,1236,4.58745761286185,1224
"23","4",0.0404603381451115,0.0357988373943492,0.354883273775041,0.970272659800617,9.37124967741336,-388.130609457374,4.05659930103832,0.405555555555556,1.50922190724485,1.48376178129388,0.999796069162157,9.96133188259733,0.0915842047743718,0.488284592968316,-0.27611142749191,0.563179181981769,1.20773544298745,0.318103295845043,0.560007156533746,0.356366400261273,0.00146214413658991,1.00496839625778,6.40662613429464e-06,7.59197140815657,-0.802525021666225,0.988023337256828,5.91356269487853e-10,21.7794700203617,-3.76760505938365,0.985631670827819,9.29679365312266,0.395789546084425,1201,0.0142020151302989,1211,2.01575950300555,1193
"24","3",0.0289002415322225,0.0288154275880297,0.347595573426856,0.992072571787005,10.4725436561225,-367.33831422576,3.8271042686163,0.288888888888889,1.0368548402125,1.3797653072937,0.999884386568481,9.95996642797707,0.250611045153336,1.52171281932526,-0.529717163199717,0.353830673036503,1.35880982118313,0.441089751247592,0.605176903909283,0.347521572932895,0.000901275947320625,1.00497081529826,8.60742722152984e-06,6.00025024564386,-0.854494972036946,0.985305810988921,1.05949948034261e-09,18.2101406257991,-8.47302672736818,0.994568471245692,9.33669479165138,0.443605308752317,1048,0.015576111317943,1066,3.83102113164819,1056
"25","5",0.034680289838667,0.0320301433681487,0.303932846430386,0.956147961462594,12.0167156831879,-199.849545350448,3.78823755027708,0.483333333333333,-0.18412015156824,0.630319347251749,0.999752424163271,9.95639877833183,0.291203271374735,0.860827117460105,-0.151160335985121,0.897334131800687,1.11447978798624,0.755993245137051,0.812152571501768,0.355960445395577,0.000349587315130041,1.00491875028082,6.48964580370707e-06,5.1365783013201,-0.769451712559646,0.990048819944861,3.84286883452176e-10,15.615572744669,22.9888727470489,0.989090613440856,9.22678597412999,0.417102775110497,1408,0.014267807903595,1421,1.15442481967456,1416
"26","4",0.0867007245966674,0.0454047228746612,0.370599714951654,0.990788261997115,11.9304312247574,-363.024865525976,4.19326057003916,0.372222222222222,2.68135512080058,1.65017545237646,0.999562175163506,9.92413138361963,0.0864080316251041,0.474038206562859,-0.27568389631832,0.492993414650496,1.08441398486191,0.257520429741859,0.469865460823729,0.376460544938381,0.00340066818213936,1.00434102999897,1.36509959455097e-05,4.17202138289806,-1.10037937988817,0.981963397275865,1.40932866930307e-09,13.8835695565678,-18.5503895710471,0.986352332102857,9.33805218217779,0.445376899174655,909,0.0188564779910967,921,4.16371239963641,946
"27","1",0.034680289838667,0.0400105518362697,0.365638745465688,1.02881254447478,10.4909306331521,-171.979270975605,4.10409456454997,0.247222222222222,-0.665600780828011,0.113495014729167,0.999677704578494,9.96283635765262,-0.0811617182690212,0.252287861748976,-0.428070965426153,0.441917797169366,1.08543116673028,0.240183738106336,0.780573368692631,0.34499076520859,0.000235130102700327,1.0050134373012,3.21127213165481e-06,4.88991472272199,-0.731506388296621,0.991727732522228,1.70583253100907e-10,14.7681120954983,10.2593689679438,0.970261755436553,8.73955582119345,0.368657915261639,1139,0.00835943997681959,1117,1.46208031346242,1147
"28","6",0.0520204347580004,0.0373803378160678,0.348469084710299,0.947069439600825,10.6587277420879,-312.968616991327,4.07874098427892,0.473611111111111,0.780802635477139,1.21634073287231,0.999820360308768,9.95382000910645,0.279244257886189,0.88013681186193,-0.184176378677947,0.631298645008701,1.4693560199555,0.594986106966731,0.59185099541911,0.360108575198582,9.21147345254165e-05,1.00491067234123,1.06500255602414e-05,6.43847697376819,-0.914318346275437,0.984951660672149,9.96424842360358e-10,19.3145247970783,-12.394119211966,0.990524073915577,9.36575088718715,0.463803152896158,975,0.0184679257123604,994,1.78754838569714,976
"29","4",0.0635805313708894,0.0445368698570918,0.371666679356516,0.989560976826084,10.2198888068913,-404.454212887069,4.30258750213752,0.377777777777778,2.12513707293289,1.65944679028791,0.999629552710128,9.94647216737095,0.0714730268639397,0.375983587771569,-0.264306009139513,0.530146308356009,1.09172326651903,0.284454503099864,0.555209784761734,0.36059253652963,0.00859784749335485,1.0045321248169,9.22283592378612e-06,4.34007658240236,-0.872991082764742,0.984331052776007,8.88898999838255e-10,14.1215774738032,1.37655425291548,0.983475798160198,9.25475190287915,0.447970311215039,1227,0.019571603661246,1239,5.03642023814309,1266
"30","3",0.0173401449193335,0.0254253925255257,0.392380714246575,0.961195130007088,6.70805504496629,-540.3760528061,5.49348725463268,0.456944444444444,3.40520330090569,2.16748591243267,0.998659212595391,9.84126299447696,0.223335173372145,0.495043282335506,-0.144028998001758,0.759745719147765,1.00007001556805,0.673970784737582,0.707685651021861,0.343663922964671,0.344085621591977,1.0004293856434,1.15597198000557e-06,6.99416215913597,1.89620811634982,0.996011650275734,5.95855981263189e-11,22.9080244511016,24.1632404884636,0.974575162244421,8.92294945444334,0.215304550000782,1662,0.00636143063295609,1685,9.14780990406607,1730
"31","2",0.023120193225778,0.0311005652128988,0.371839378513496,1.03781012114296,8.77638754752543,-338.457828251287,3.80220470949594,0.180555555555556,-0.59663683454737,0.947418495722077,0.999674805573092,9.95518159674463,-0.182149849077499,0.272187241144708,-0.570338057908954,0.476404859274828,1.04034928743023,0.232161358080243,0.752003028534756,0.331248950761594,0.00496292738212369,1.00500727554065,1.66576183842889e-06,7.35901594013523,-0.539750432959946,0.994580082292279,9.81070753089106e-11,19.7462949530094,-18.5665191114599,0.97301332743054,9.08740429186045,0.251572719971115,1056,0.00667543997061864,1067,0.396248000202528,1041
"32","2",0.0462403864515559,0.0360567456073149,0.310412696393644,1.03770584218974,12.0731042594257,-45.2562489604587,4.47694252815686,0.198611111111111,-1.01002326870136,0.0347130600769173,0.999654143525585,9.95888119031863,-0.188324677314048,0.271042699863777,-0.564718877102746,0.53765070061771,1.06889356799584,0.202635267835766,0.831488669841625,0.338844043463658,0.00175534628787992,1.00501752030245,2.74292613256721e-06,1.99757018206641,-0.803793750666572,0.992326953488998,1.62801699102818e-10,1.09230478896107,2.79654684018202,0.970832760578145,8.8912418369078,0.328553901289238,1043,0.0122411331278993,1052,0.445541627651483,1067
"33","6",0.0462403864515559,0.0390591215974898,0.330968373864084,0.992022134100084,10.0514999811747,-252.024952792131,4.06672995406039,0.375,-0.851619500930362,0.594328627666554,0.999776757329338,9.96106806696829,0.151986232372601,0.564381273413013,-0.263936261072878,0.761471844236656,1.20368775825958,0.550167747855546,0.830611105434589,0.336788686336982,0.00344955616156475,1.00484601697129,4.97653940513903e-06,6.81775567494143,-0.607353631894851,0.988257592622538,5.09012835473019e-10,19.5560128562226,-0.724245684479785,0.987837171215667,9.19698554426454,0.399396674915181,1047,0.0142985830154223,1055,0.814257916099224,1025
"34","3",0.023120193225778,0.0333807103422266,0.36761565575711,1.04028248851115,8.66089001701808,-344.09563456745,3.80665525504893,0.176388888888889,-0.729022427444835,0.901002508409573,0.999577615934328,9.94724861537372,-0.211899234809793,0.189822115016755,-0.575825274209827,0.387670649151056,1.02185697328817,0.156680480170525,0.740800513803583,0.329948616297715,0.00725408247426469,1.00487056137119,7.06887031763238e-07,7.67490811882792,-0.481082764228304,0.995693118538683,3.56595043537048e-11,20.149577462699,-17.2832215969493,0.963708120977692,8.83887011679221,0.247215630018612,1122,0.00620314214605846,1134,0.285053596434368,48
"35","6",0.0462403864515559,0.0372964194377323,0.361053056025831,0.954672585487387,9.77712118943269,-388.128694677658,4.13042072812229,0.45,2.00063253760042,1.60233981680217,0.999796822138787,9.94909276206016,0.341816173305955,1.26404560335284,-0.207819774511155,0.696264713196455,1.31953050260657,0.62475198302655,0.59471465608494,0.357265334447143,0.00640891697335887,1.00465362219616,1.410059105413e-05,4.13528702695174,-0.990093675791493,0.981112219050303,1.70107973273743e-09,13.0095094460626,-7.38695436077581,0.994015258396797,9.45348073568957,0.481743382482256,1064,0.0248877900022215,1075,3.28691922250868,1078
"36","2",0.0289002415322225,0.0429204404108445,0.394420873381707,1.01843312658855,8.10922513782207,-451.533917899302,4.06723600392778,0.255555555555556,2.1611416908489,1.75638335926353,0.999652406903453,9.95109403546283,-0.126151928904813,0.246341203154052,-0.47114769490275,0.42747191299268,1.07712137492908,0.176344165333395,0.592013296463416,0.345163612949927,0.008362455539863,1.00483178018016,3.98650744097211e-06,5.17485255374149,-0.760293673404616,0.989770025253144,3.82488245831165e-10,14.6806391911346,-20.8264522051733,0.974963045226284,9.12364311847669,0.359426888329498,1040,0.0106404088867986,1048,5.41234780417903,1069
"37","7",0.0404603381451115,0.0377249991000057,0.301105092133046,0.954945852006178,11.550945397173,-129.054824228925,3.86301076126173,0.463888888888889,-0.862357564526808,0.146403558150811,0.999773394766462,9.96168408423097,0.215884150653647,0.542903885230545,-0.175743681317904,0.726025032231857,1.17302508860368,0.619492250780095,0.764813328999703,0.341494817337086,0.000940869969187045,1.00496738967033,1.86653761043514e-06,2.90124934123538,-0.554636970565496,0.992634223955644,9.19917210859743e-11,7.83315206779119,-3.19210142234787,0.980646902711972,9.01606479240466,0.296958779260572,1005,0.0105688544032734,1027,0.272206155766224,1029
"38","4",0.0578004830644449,0.0331816623752115,0.354481510306063,0.979685703237945,9.51252850382202,-388.827488007389,3.92176465533909,0.406944444444444,1.41327299087175,1.48647157812876,0.999814749535005,9.96417618122653,0.101570116511281,0.611775207107489,-0.290790610276721,0.6263780356194,1.20122599788335,0.365418067850375,0.593856186666355,0.343817507232036,0.00516548130031411,1.00503005730558,5.52509266999967e-06,7.89509481252923,-0.720200399323435,0.988314494383665,5.53946738485441e-10,22.0765421653783,5.5341729752179,0.98769866875111,9.39210559310079,0.366176004164877,1270,0.0123299233489364,1289,1.97264666227996,1320
"39","2",0.0578004830644449,0.0354149721874109,0.354939459572923,1.02503430554602,12.0763539424889,-233.691977151106,3.87757764525331,0.154166666666667,1.13425052169216,1.18459795614919,0.999740009255274,9.94692635138375,0.00548852698383283,0.816481536853232,-0.633685464297754,0.464379183661199,1.10774426704513,0.377046822263091,0.945066953923898,0.35302319412681,0.00088916443940435,1.00464677937107,9.50453923049595e-06,6.50150667024219,-0.883335522392767,0.984754975419993,1.06862921349006e-09,20.5465169620222,-0.678127740558301,0.991555213455489,9.46741820169152,0.430913735119393,1046,0.018102762616006,1054,1.76124211082837,48
"40","5",0.0635805313708894,0.0441629722197292,0.315272927255699,1.01840701463437,13.444489635191,-53.4601130939313,4.07807314048264,0.276388888888889,-0.413642936705845,-0.0723013670287471,0.999734473837201,9.96329469439298,-0.0414827300142878,0.3273027456555,-0.398089555560817,0.654390183301996,1.20956794719783,0.304951430597677,0.728917329557419,0.342802968068422,0.000161054506872093,1.00496426210393,2.84513213879195e-06,2.26736443064346,-0.707741120793412,0.992739127659643,9.91606863141567e-11,6.75807316339023,2.40976626511525,0.967526388395574,8.7354774429724,0.293306356087084,1096,0.00904884699902004,1121,0.920359627350479,1086
"41","2",0.0462403864515559,0.0379060383015928,0.390234361340119,1.0153727271622,10.1691773821854,-405.291269634972,4.09353570956783,0.265277777777778,2.06878173246073,1.75151525444778,0.999535792986291,9.93533495185755,-0.120717643539241,0.2593362356871,-0.486550050717362,0.419772860651169,1.02819726191301,0.175883714601542,0.557047502232038,0.350821961561059,0.0113179464408068,1.0043074067749,4.56733543281578e-06,2.88605689384205,-0.582749373232663,0.990604640021345,3.43742843110772e-10,4.89227542695678,-23.7481521237324,0.97400573605515,9.09091996639726,0.35754162970995,993,0.00945526168303346,1000,2.49522750881316,1026
"42","2",0.0924807729031119,0.0311659378526092,0.356538275559473,1.00046252930101,10.2644898712486,-388.817252044096,4.00084804226611,0.286111111111111,0.755008111997195,1.25317245986307,0.999843351345184,9.9594490652816,0.116506879710917,0.859996420894196,-0.571079512624345,0.409563220911349,1.17004550485234,0.304831907828534,0.6813664578287,0.344663244435492,0.00358710200093994,1.00488685311223,7.11006623460435e-06,6.23247256194874,-0.771605047418238,0.988293075997249,5.56169447348401e-10,18.4662786374781,-14.2680269049759,0.990577487181119,9.12530743537543,0.404418375673478,1057,0.0169279441710587,1067,5.2836873628842,1074
"43","4",0.023120193225778,0.0327421725896673,0.369202944638361,1.01548113664065,8.10122106859185,-408.667388962563,3.77534660514182,0.231944444444444,0.0339160230822482,1.19291132996569,0.999692158053303,9.95054748335799,-0.0636201361280775,0.381737793682203,-0.512465925000088,0.427264805738511,1.06420015968833,0.223036510184045,0.638741733996224,0.342347651398493,0.0045121900835932,1.00486924321948,2.62396587815829e-06,3.99125922668412,-0.617010071142892,0.992800425778695,1.55334035393458e-10,12.03689159079,-16.3132895794621,0.981096233804384,9.23192281522588,0.35229449977348,1112,0.0130227490961138,1119,2.16454955784628,1133
"44","1",0.0404603381451115,0.0596132389497659,0.343699091788731,0.99346653150127,11.8484005161746,-38.6615489631918,6.18437886585253,0.408333333333333,-0.652031752262944,0.295800166239171,0.995951563983849,9.56724854831458,0.0399721937669697,0.347811507478157,-0.210520480024071,0.715378875739934,1.00094809536658,0.498360747240106,0.778050527551138,0.32530356991631,0.183370173394257,0.992126266202133,8.58868391629237e-06,2.95054894330775,4.14611617916293,0.994811169365443,3.36354988436731e-11,5.23399856100226,-22.0619897879377,0.900678765239554,7.05986150436559,0.390456864008594,1810,0.0181936617532637,1817,1.20788226511019,1829
"45","4",0.023120193225778,0.0300656349202215,0.353269147312425,1.01314509719354,8.490035728565,-353.728970434786,3.73671281383156,0.256944444444444,-0.499852595351978,0.949383504153593,0.999653904134123,9.94911766600641,-0.0928492282391653,0.331391948995236,-0.516753810275865,0.42778692195835,1.05165337744758,0.207724891407173,0.655347748325229,0.336450500079537,0.00529550624543867,1.00476383062931,1.63893114733669e-06,6.06362246139052,-0.437272025333242,0.994429210114584,8.72393650184624e-11,17.0270697304371,-19.6831587437308,0.977300744968401,9.16662999359548,0.278367200065055,1104,0.00909893894088858,1114,0.355533514262245,48
"46","4",0.034680289838667,0.0451764699592183,0.325373749511838,0.970104355786498,12.611784744864,-132.577127047638,4.1108205977971,0.440277777777778,0.0238582282205568,0.230588456430301,0.999768752687646,9.95206809274932,0.235870684913218,0.592872980000231,-0.166360561515654,0.690074864865086,1.38894776552515,0.636951519183572,0.769575409112283,0.349821983599743,5.60525165236659e-05,1.00473657543692,1.30686189391973e-05,5.47906852850186,-1.00142501579016,0.98423705670904,1.10677312755358e-09,18.4073925051214,-1.7466418025832,0.9867411651938,9.06906186671716,0.467108076559128,1036,0.0283340882600441,1062,4.09739684116332,1071
"47","7",0.023120193225778,0.0297557499038552,0.360659126436291,0.946433029603231,8.60927840532976,-356.095268781879,3.92674971510067,0.419444444444444,0.218303245495441,1.06245034363592,0.999815315505008,9.95633433083651,0.33763697650362,1.59028511792969,-0.295658814563734,0.558222450716205,1.12149735410342,0.567669951187749,0.635797961950636,0.356147668167481,0.00317151529272548,1.00482137536576,5.91829663340179e-06,3.7764743455481,-0.628109462942784,0.988132924541528,6.15019497978964e-10,10.8227064526261,-15.7249206212189,0.994175820199017,9.48148095708148,0.377239047997346,977,0.0160859778168302,987,1.0128643635524,998
"48","4",0.034680289838667,0.0276818389171694,0.325443625053541,0.95325343436965,10.1427589665298,-337.423626113,3.78423960402959,0.338888888888889,0.958203792756649,1.27173086685552,0.999856795543988,9.96017625279286,0.296975933351679,1.57349261883429,-0.452967888866617,0.378057059874271,1.2365127495967,0.467533344404017,0.582562978222831,0.349552887247462,0.00141513342263102,1.00503583834484,4.86994711192554e-06,5.51917098175172,-0.829551528685388,0.988359465746836,6.28705407826221e-10,17.0813248307062,-5.90407101830248,0.994313594857858,9.40791934315282,0.356847220075426,1082,0.0118240793304496,1090,1.62447931811566,1111
"49","7",0.034680289838667,0.0306831802005789,0.326271862995587,0.955005253021057,11.4991893208134,-160.0078164012,3.71884760257754,0.45,-0.872114456305088,0.131235571959369,0.999831405910415,9.96759944312186,0.237354247671111,0.610099388545448,-0.173058041637244,0.692923622949214,1.26632226223046,0.616430724795065,0.732118304119095,0.335980752789834,0.000128978825860463,1.00515819594485,1.66270582013468e-06,3.86541250643701,-0.552710741775391,0.993868831483212,4.90875316400935e-11,11.7896787506193,-2.23627162548072,0.982566356012023,9.12172595741392,0.276076180730755,1001,0.00489087490792276,1059,0.351537104209059,1015
"50","3",0.109820917822445,0.0332110319985499,0.370257686460831,0.968294015697244,9.61233983084254,-452.208001348696,5.54065311469322,0.458333333333333,0.812531686506902,1.40614894921768,0.99874509722164,9.85631427165461,0.153116424097638,0.431245328600121,-0.142556859204265,0.736874341357791,1.00438923018638,0.71168982786168,0.791548210123388,0.340573523530176,0.182415333714088,1.00098141535424,1.19564204744995e-06,8.83452055639315,1.57250634928357,0.995500128846328,6.93484918596571e-11,27.3789222590086,18.062133929436,0.967673638407807,8.70785259384687,0.260749130160315,1588,0.00929373593160901,1609,2.85331419542569,1602
"51","7",0.0289002415322225,0.0283066560839866,0.362772064276305,0.977373029425655,8.53165519142209,-357.627315985468,3.9723551327314,0.402777777777778,-0.0318000558128779,1.01052910804544,0.999827326901348,9.95727365632501,0.343447777757518,1.60394362977546,-0.275275144719616,0.564438524839626,1.16336228504481,0.585034707940768,0.621142382949801,0.35739110314584,0.00375557994155701,1.00484913863958,7.37518495125513e-06,4.82930548795912,-0.652493568743242,0.986006809020122,1.02421955962243e-09,14.8956669811414,-2.94294835418554,0.995009015968015,9.40208986977369,0.415284317446058,1139,0.0184776238057319,1149,1.25761010195603,1154
"52","6",0.0404603381451115,0.0303297035412449,0.341720810711152,0.987307711512507,9.60430869779855,-367.223708580076,3.91712879305559,0.305555555555556,0.142890417849131,1.1159215672418,0.999865907044046,9.9682300016239,0.147110007204672,0.848132930858421,-0.429395674000629,0.544063291402587,1.17868321107374,0.376352639344406,0.703641305180247,0.34657671855569,0.00480384354054732,1.00513283147426,3.31237221249547e-06,8.3660358420721,-0.654721798864309,0.991397714871544,2.94636583349475e-10,23.5523192564791,15.699841576913,0.989351559761521,9.26651726602041,0.316919919991328,1402,0.0119080279663678,1412,1.71960012248356,48
"53","6",0.0924807729031119,0.0317149300619741,0.323186178471771,0.949567824664644,10.9444928209585,-312.893727482062,3.9142182977866,0.480555555555556,0.60372366913428,1.15251796444293,0.999873299297527,9.96147143040636,0.343684888240223,1.2680095627792,-0.212153158365434,0.711245241085604,1.4762506648369,0.661796756684974,0.634923108506966,0.347478593413904,0.000377101557175547,1.00502711247253,7.11937545738111e-06,8.0658959964396,-0.793217701073565,0.98607133994365,8.63429899262947e-10,22.3438765619937,-8.98476857992836,0.993896202294697,9.46721244710886,0.408451742033002,1062,0.0152999493093217,1077,0.75520679949361,1083
"54","2",0.0404603381451115,0.0417824052598048,0.366935740140352,0.955893851909457,12.4721951669089,-167.922898337716,5.99491481970694,0.4875,2.45262439895469,1.46275025894187,0.996643913839578,9.63184438697919,0.135653600959062,0.399173679250049,-0.137117893798597,0.752257796854976,0.995940391413148,0.694843385941136,0.704805903624272,0.341178694466465,0.194035609908407,0.993186384303605,2.74280740974874e-06,6.66847453812642,4.93306462509063,0.995224501580214,5.55201806554661e-11,24.6615490693412,1.48358717953072,0.936076503638399,7.1854497096139,0.179200780135508,1686,0.0101344510134849,2,0.703177374981729,1792
"55","1",0.034680289838667,0.0509452771451895,0.363980787151538,1.03350686560994,10.7253154157731,-124.511485286979,4.34648195757422,0.243055555555556,-0.412679371650025,-0.181494670738027,0.999584732244081,9.96117080890812,-0.160601799309239,0.205166956376872,-0.475788616520557,0.477212680314416,1.10460233571643,0.178691840697459,0.712800057128505,0.347843011510698,0.000123304670986992,1.00485291559246,4.39217437938623e-06,4.82400408797793,-0.774131940702205,0.991181368384544,1.88387329963852e-10,14.7018791989527,12.4239902807019,0.959971563021213,8.49022004939717,0.373284163090734,1170,0.0112994935415907,1175,0.980384328469381,1160
"56","6",0.0635805313708894,0.0369680143343878,0.303543606198954,0.982149268829136,12.8204304577255,-62.2074714999617,4.09249716169657,0.388888888888889,-0.572777256328415,-0.0752432447839198,0.999811134916975,9.96103771060688,0.158482284689006,0.645118137504555,-0.273454194005368,0.886540931563248,1.42508825664876,0.536114807076774,0.824519054741784,0.343249773255396,0.000961925672415197,1.00497287281352,4.26468737221241e-06,3.63828173025956,-0.74104360629118,0.989356124667473,2.28730724723098e-10,11.9787447346102,3.79823644297554,0.986246186794023,9.23338783089222,0.365900333162216,1067,0.0140247911913256,1089,0.74964363887104,1075
"57","5",0.104040869516001,0.0351871718544472,0.363433085638487,0.971482301935749,9.85909323552847,-401.22909617179,3.94649316440789,0.384722222222222,1.78814448727613,1.59382274114399,0.999814889596059,9.95697376362041,0.213291014025581,0.76754238607645,-0.226780391797584,0.666452466152882,1.28734682444761,0.472548968240555,0.647224570206038,0.354860847213505,0.00405303009934011,1.00489237915713,8.5986776173449e-06,5.60919071128592,-0.855547753055706,0.985678367380155,9.6298481519163e-10,16.9134389561604,-13.7119196003917,0.989308698577824,9.37582531817326,0.413625632006838,983,0.0154938242859652,1004,2.78195334846692,991
"58","6",0.0289002415322225,0.0320713279052764,0.32038677879133,0.898139339615552,10.6221420338893,-280.719314772121,4.05235360732569,0.486111111111111,1.23435126746313,1.05748062407655,0.999843238116333,9.94279249783183,0.634353855813734,3.19899269380137,-0.177826351603847,0.690350228228967,1.3665278121486,0.971426984613672,0.621048514296239,0.364053022058883,0.00157908879616991,1.00468366082329,1.34728543317343e-05,4.95065512635238,-1.24705108058154,0.977824594322333,2.70926954099806e-09,16.2909966062921,-4.11895559103652,0.997163683555493,9.41592541138099,0.429165800608981,1063,0.0193713420639706,1073,1.62460593589433,1096
"59","2",0.023120193225778,0.0293789658390651,0.359286974762968,1.00335543647978,9.57122444843427,-366.689135152435,4.44476760357727,0.252777777777778,0.820249484870913,1.3685082288875,0.999782567908291,9.95243229977689,0.121175392423527,0.830682373215075,-0.568002444530183,0.396499882478139,1.10206354376275,0.282770956454306,0.69552729045475,0.345843474654957,0.00451319129249315,1.00480905639097,5.97888139263543e-06,6.12341147047933,-0.767562889496223,0.987595875473501,7.70356340079413e-10,18.8923081371298,-12.7032641870404,0.991464790642567,9.18885537890194,0.377098229759445,1048,0.0142996702567833,1056,1.50105197025509,1061
"60","3",0.0289002415322225,0.0312977997391441,0.360490818137248,0.971012505744753,7.83273213619702,-429.788285281634,3.88364199398036,0.316666666666667,1.4814284298731,1.48078268507458,0.999865661438333,9.95476286016087,0.268825668616278,1.59656301635598,-0.520554267623788,0.356709582101393,1.31027815224491,0.448367449439986,0.611673407159077,0.353237015813285,0.000465260052051146,1.00492435975948,7.57644533784334e-06,3.65440810920332,-0.949014575998503,0.985742231683709,1.01956834635358e-09,12.5705415278997,-13.5408410437514,0.994400197420856,9.382669282083,0.449830847917357,1053,0.0163326088523859,1075,7.27061546118712,1061
"61","4",0.0289002415322225,0.0392864716921149,0.380240921492048,0.981955304545599,8.66175549372326,-413.055867307994,4.06979381287456,0.393055555555556,1.62321415198787,1.59114560875481,0.99955418218555,9.93478237832839,0.0929583030465646,0.446785999162706,-0.258134330252272,0.472378938974459,1.03763233235943,0.27610811385993,0.4904622340955,0.362443220405215,0.00546340249556186,1.00433862397765,6.44731592589843e-06,4.165870614849,-0.561830466278597,0.987324540728492,5.91458623647872e-10,10.4443129719328,-24.0697188696878,0.984733432774077,9.29974348980191,0.38972882003497,919,0.0126872592984697,938,4.09300490390942,939
"62","5",0.023120193225778,0.0320442158375607,0.351465697692992,1.00344533275435,8.31788827591081,-379.679774702136,3.80520318960886,0.301388888888889,-0.144431700851232,1.08197848296251,0.999722383187037,9.94940637969137,0.0476464840864145,0.66771189117282,-0.483876569114955,0.458336427986781,1.07866591690772,0.307993834309255,0.621358768203735,0.339543604501979,0.00214957303033928,1.00492073339473,3.67368647946036e-06,4.9928553166813,-0.702620647146187,0.990880544287617,3.48605949175863e-10,14.6700088779075,-18.9367626982668,0.988700636522469,9.34896918946583,0.366662969991651,1052,0.0130178969958561,1064,0.768412321460559,1060
"63","4",0.023120193225778,0.0297891479844274,0.366286154432532,1.01024843021258,8.50534947140624,-371.461656314163,3.75919577466163,0.291666666666667,-0.198514173764127,1.09015213374094,0.999757609680785,9.95487275336966,0.045658390488108,0.667836938476102,-0.500315963519897,0.400947521325591,1.07796957153842,0.298461260433887,0.619374554552002,0.338524402288058,0.00360191618187809,1.00491640477424,3.71491337746021e-06,5.48105432564327,-0.590100038328587,0.990514659051168,4.1629117820481e-10,15.5455492809579,-17.7111341557128,0.989791092147549,9.36682113185699,0.330692970175165,1039,0.0127005870293935,1049,0.700827033320589,1063
"64","3",0.0924807729031119,0.0456073975685918,0.339483532483241,0.999949484143448,11.1936327967942,-193.375882353252,4.19352602849678,0.344444444444444,-0.406110594204906,0.32862078588946,0.999711265025161,9.95759812130986,0.0329221864526599,0.365285193939003,-0.308169110215557,0.615272283552864,1.16879096052855,0.337018132082927,0.68368448011455,0.343380658330303,0.000341133119996731,1.00488001212673,7.72730927482504e-06,5.69797874937566,-0.873401693808816,0.985991411844109,8.74248399301435e-10,17.3697800642379,17.7145246553505,0.982167265424702,9.02235552890611,0.456670657953033,1299,0.0204402181682418,1317,1.45099684725443,1307
"65","5",0.0462403864515559,0.0327996218519129,0.313446174620576,0.91764974799542,11.3671046470367,-252.394761182703,4.0304695164771,0.5,0.999650258961248,0.988706130150422,0.999850253438334,9.94667048071385,0.498822825076526,2.34816343329514,-0.203255153629186,0.603864375119191,1.37127284940369,0.767103283733014,0.645035173538399,0.358318951348947,0.00116199813915152,1.00463438679072,9.82328839801882e-06,5.37067589794476,-0.984523309482816,0.982695282023452,1.45363286374396e-09,18.3892808418395,-6.7138433145411,0.995455345803466,9.41833751234159,0.445619891702687,1028,0.0195347208651775,1038,1.67001510457148,1041
"66","1",0.0462403864515559,0.0373582197566862,0.351364353377007,1.02986103347596,10.5184467996291,-176.230781363068,4.22008184943651,0.211111111111111,-0.646853614279712,0.175638977157452,0.999436637946814,9.9449998595204,-0.132354593253741,0.202110687185126,-0.467329210667167,0.495836953069045,1.05387079805027,0.194712595477799,0.734371906728512,0.347434286874267,0.000139174434441645,1.0045685283317,3.12450039290689e-06,6.22015933760693,-0.781391490922559,0.990772049588592,2.36618856836995e-10,18.5044310451511,10.1655972061584,0.963525730719655,8.54196070019781,0.343352814964842,1146,0.0077267010178342,1115,1.17506178983551,1147
"67","7",0.034680289838667,0.0359492939195771,0.326503425660749,0.971583078503981,10.9920912575678,-229.199189850302,3.85120145931139,0.438888888888889,-0.724075975287008,0.411752676697938,0.999763482697796,9.96154357684292,0.199590963944785,0.513385886765275,-0.16764930348813,0.712579900074374,1.19306215675421,0.63439984314234,0.779220650261501,0.33309717732138,0.000463184812862767,1.00500665389871,3.07001868278168e-06,3.20366808431357,-0.56252018203796,0.993039099448761,1.40370225367051e-10,9.67859950163531,-3.15918860524111,0.979361733189943,8.98928170038476,0.355333259021253,1077,0.0107066417429979,1085,0.977708675723283,1091
"68","5",0.0404603381451115,0.037280784485767,0.321467552999062,1.00332755205772,12.1279167008739,-159.289100917316,3.84499371103658,0.327777777777778,-0.489091921124908,0.188686770348647,0.999746472387949,9.95909097692081,0.0353482602862871,0.408308738830931,-0.392382291553172,0.547097979288688,1.10275750885268,0.252965162680323,0.65098789797063,0.34745773646792,0.00017783576211964,1.00497973328673,2.56664931904234e-06,3.06496491493291,-0.627513914600058,0.992739223015811,1.31038531754326e-10,9.29845539394408,-8.18799390994194,0.978551346763058,9.08763542913854,0.302016593664746,923,0.00793750150308481,984,0.486931917654095,1004
"69","4",0.034680289838667,0.037508262638541,0.332162230426305,0.980275778662101,12.1022132410065,-130.167896807222,4.03653737722334,0.425,-0.352252315817144,0.352351529568102,0.999786309339036,9.95953978201734,0.169092036306706,0.608960058153968,-0.22129601384971,0.836420125643924,1.33663475889322,0.611963645634665,0.805626342620631,0.346463381259992,0.000288106108640586,1.00490622001374,8.16950232589211e-06,7.02389777015864,-0.860696991461426,0.986461469406062,7.59131311009785e-10,20.8609553513656,-1.54340857981796,0.986331502195057,9.13431466067346,0.456694715948423,1033,0.0213710867989579,1043,1.29211562398265,1031
"70","3",0.0578004830644449,0.0345006359931659,0.344709530494061,1.03150971013329,11.9460160358441,-268.672894368757,3.97380007112849,0.191666666666667,-0.533881337381659,0.820016047409917,0.999488412780716,9.93170204589832,-0.151140681252132,0.282826059018823,-0.567182907410589,0.417196924217039,1.02340523163786,0.203105568185348,0.750569724101253,0.3396872621589,0.00553980930448202,1.00418866294883,2.41778362909585e-06,4.97385922822904,-0.37114164854745,0.993044756949534,1.42293446158268e-10,14.382745078053,-22.2078342307375,0.977035562573597,9.11981349962192,0.340943239760218,1102,0.00964627900112741,1112,0.980373335193061,1110
"71","6",0.023120193225778,0.0333809273914656,0.365342814412784,0.961347045349651,8.88814998852756,-353.420296202635,3.86411722368308,0.429166666666667,1.26063083966658,1.34609757175233,0.999734012030081,9.94234956867914,0.294361330155258,1.11054398326226,-0.22243644622573,0.695003488311508,1.2045263391051,0.645395425679959,0.615301171696517,0.364436419510716,0.00215495698020036,1.00456288305956,1.06355198489666e-05,4.77594610265338,-0.868870338966124,0.983572044816034,1.21854720745378e-09,14.6374484175673,-15.8634218194821,0.99218101828395,9.44956234974059,0.437527564818473,970,0.0170485878190648,990,1.68631833068275,999
"72","5",0.0520204347580004,0.0371093167272298,0.3416335081243,0.974860278292097,10.5016705241737,-333.562551062223,4.33808556398733,0.413888888888889,1.76204235918177,1.46438555026803,0.999710893802685,9.94672505162366,0.230182615996876,0.783888018311168,-0.217648901960171,0.619669414658208,1.14008615939346,0.524931548158223,0.688988688219919,0.357865742500655,0.00721138686502795,1.00474674621573,1.17778913595178e-05,4.41885856884615,-1.15202605006214,0.982630837921022,1.53094415107685e-09,14.0920811847482,-3.80246603243208,0.99096779390282,9.36914377500139,0.457158999483057,1076,0.0194130010748984,1085,2.24811922290924,1076
"73","3",0.0173401449193335,0.0207396946646203,0.363892571839262,0.986120099101447,8.38443161309219,-335.627434934149,5.39112520599525,0.405555555555556,-1.0584643099943,0.763970869018502,0.999366442248327,9.92097404131354,0.0393422650491776,0.34337726297831,-0.223557537187019,0.698045756917212,1.01747332224619,0.448644926793444,0.752732586613848,0.321697946943293,0.182962185328814,1.00387139521326,5.65365836266007e-07,14.8647222629071,0.266478304484256,0.997291785941787,2.43096661418635e-11,35.6171040993232,11.7635506220869,0.961476259978992,8.61541683779669,0.219274930101357,1378,0.00475504174154048,1398,0.249040195123004,48
"74","1",0.0693605796773339,0.0406242270329489,0.354605035586378,1.03334496676052,10.3585752078446,-219.165352221563,4.13175179275469,0.229166666666667,-0.894278980797807,0.381557298852744,0.999628277702767,9.96923029983607,-0.198234642745439,0.253866913853331,-0.478187491253306,0.550148059142496,1.13043602049152,0.237010818603422,0.788493583258836,0.334985290622157,0.000973192144961075,1.00509192688536,2.02842896166664e-06,7.23960839307655,-0.586259390489603,0.994485378275461,8.42777390407111e-11,20.1238647757091,8.60476890777106,0.944715686605396,8.24492528213518,0.305272533060278,1149,0.00497034718717264,1169,0.480267918730437,1131
"75","5",0.023120193225778,0.0305604999120106,0.367522387035908,0.994763415687235,8.44623660374616,-383.444395022824,3.82439567275135,0.309722222222222,0.0125034222009042,1.14174625235632,0.999709879410264,9.94550705128579,0.1418059899733,0.967006558877945,-0.456326482429328,0.428247839869914,1.06486359908678,0.386707533830752,0.624883473748267,0.345013018539522,0.00256161163195673,1.00465629897258,5.33257061166973e-06,4.76627756156629,-0.600589850703657,0.988580579093253,6.1507590130876e-10,13.6432311390279,-18.1193086223478,0.992248003366451,9.40121026728819,0.36863923032296,1024,0.0147359228475311,1035,1.20811243326908,1035
"76","2",0.0289002415322225,0.0281276418361001,0.367596117374758,1.02996559059862,8.6205677926809,-357.242560497761,3.81500621339805,0.194444444444444,-0.610943245220977,0.974051244443576,0.999646536376471,9.95121543827958,-0.147517261965079,0.323608681288525,-0.578110659461121,0.469389057498175,1.02842088750086,0.221114203141896,0.726605372690681,0.332910606935806,0.00581733267735999,1.00494462147733,1.75249984095031e-06,10.8092005370822,-0.542903726676824,0.993749911333893,1.67601768850492e-10,27.2974640371573,-5.70358230728732,0.980302138772265,9.06919264515226,0.293563189874917,1222,0.0108832873103896,1232,0.41737833790004,1224
"77","3",0.0289002415322225,0.0368963632568933,0.394504711739204,0.992217046807693,9.15154567529392,-410.45797481191,4.21567369248256,0.311111111111111,1.73910208667758,1.6717876483141,0.999621023157641,9.94480804093723,-0.0103441759833694,0.401927246315391,-0.389388713537407,0.463273565561258,1.04228212250791,0.22031460079595,0.476427585360135,0.344361230948985,0.0110304632301945,1.00447013261816,7.60724254597793e-06,5.4549161042089,-0.515603333872292,0.987277143878913,8.08541506686674e-10,15.4864661054969,-16.8492804392591,0.985023878254685,9.2666057584727,0.391095807894389,1043,0.0126406084725219,1057,3.00421424741359,1065
"78","4",0.034680289838667,0.0399704054369812,0.308603769133711,0.984749294658594,12.2251487873175,-65.9347327747913,4.06326875613566,0.411111111111111,-0.466777977422196,0.104309717046913,0.999702684066359,9.95004336868413,0.184667640869758,0.574865562833734,-0.204906672116425,0.785189619178236,1.16339007748178,0.636422932904694,0.812576904895338,0.362685078241018,3.10880515598832e-05,1.00468325748299,8.93305267444177e-06,5.28146653580121,-0.950141965823587,0.985519643273345,8.63218724387286e-10,16.3239330312748,14.7627935764208,0.986808632241213,9.13289387098995,0.457378863017851,1216,0.0220957266094853,1226,1.23735292076086,1214
"79","4",0.034680289838667,0.0378063269494975,0.314407869043242,0.978322111957235,11.488445150097,-195.519016623506,4.05486552895176,0.422222222222222,-0.4956470933402,0.4926336250692,0.999788349191462,9.95624891127149,0.24950340626773,0.736116512769958,-0.209185016724642,0.771057119904559,1.21772003351429,0.669092853950439,0.818272928204288,0.349138629916166,0.000952427393253571,1.00472610543567,1.12296746791315e-05,7.50490589195552,-0.789758149887852,0.985752041284407,9.91608907509371e-10,22.0879571593818,0.605884228932569,0.990056684939262,9.19877152244613,0.500804776778013,1109,0.0239151100755453,1117,0.928933644789664,1092
"80","6",0.0404603381451115,0.0353832023245926,0.313747351707821,0.966647894328895,12.1580652768722,-230.618530076693,4.27660122016798,0.370833333333333,2.12006592953784,1.38425683366882,0.9997189117952,9.92414948140821,0.433990886386015,2.45733831764475,-0.37302834553429,0.572984055125247,1.17670134563383,0.729388119138741,0.718151580688586,0.368376655150381,0.00321665119852867,1.00441046533269,2.77593976884274e-05,5.69631407838698,-1.63296801314028,0.970554318770673,5.08182887457647e-09,18.8121654541187,-1.05593659550379,0.996673943727634,9.43388320862601,0.512070731166295,1038,0.0262289286558682,1048,1.94572818413175,48
"81","7",0.034680289838667,0.0501151199084684,0.393772942478402,0.949681756782772,9.34859713627638,-379.30946680084,4.10815430720569,0.477777777777778,2.54149115570727,1.70321585928023,0.999716212503054,9.93281894264985,0.266598320796861,0.812862895090924,-0.20988806505057,0.537859249953794,1.37412178016128,0.502407291641316,0.521776647414734,0.364651023925908,0.00313489258279225,1.00441332728231,1.8949251764959e-05,4.55733643748709,-1.24343087575145,0.974719213728363,3.26666716734067e-09,14.6130175989026,-14.6913339377209,0.992026569748428,9.37331112489802,0.522862007610176,1038,0.0254986621049435,1048,4.41290796900766,1059
"82","3",0.0982608212095564,0.0459726278651962,0.332358475489613,0.999958013796562,12.2222255719621,-136.099144351742,4.15267130047368,0.345833333333333,-0.293466596093316,-0.0037179940131968,0.999714046146053,9.95730743385188,0.0356303447844422,0.371304173077845,-0.306712273385173,0.6298864068367,1.18655629494095,0.329069555083842,0.680399273390849,0.346811195557241,0.000154436479138112,1.004796878614,8.0388067017603e-06,4.82678578010728,-0.844433979585287,0.98754429259409,6.52634695338576e-10,15.955011001102,14.2362355744865,0.980026868974864,8.96224694519824,0.441271412536613,1268,0.0196982761461468,1280,2.06985979851438,1283
"83","2",0.0173401449193335,0.029049331620687,0.333512415233189,1.0317641377231,11.7301244553561,-196.303728776564,4.62471665307932,0.179166666666667,0.311453058147094,0.849256810974477,0.999711719294737,9.94600320297527,-0.0487607777712553,0.747084654743253,-0.658988215085845,0.535849799745074,1.0747217809433,0.400809647407004,0.986155600038884,0.35002483342623,0.0044843638531397,1.00466661226419,8.37598062866711e-06,7.65685767772597,-0.735374762302107,0.986354988537927,7.08795948616183e-10,23.627325095149,0.871652094509848,0.988904494885745,9.23555167661758,0.438827955883976,1075,0.0193376473215433,1085,1.18406347290585,1076
"84","5",0.0635805313708894,0.0446257490501836,0.350374534606814,1.01102975772357,12.7541605348784,-57.513402444043,3.94129654578245,0.294444444444444,-0.335834213543146,-0.371604076444429,0.999762006482732,9.96508409355352,-0.0157396664758638,0.347264028554062,-0.374795517614039,0.574562735090709,1.21015301637945,0.337075085144289,0.750095281870293,0.342942798471813,0.000254598417921399,1.00498969298865,3.1677151839305e-06,3.57421467295716,-0.688170363363531,0.991855527688976,1.03649766806066e-10,11.7082606342214,2.43265242044762,0.975276038838346,9.05493794419681,0.325466395091957,1012,0.00918247892155982,1066,0.603609243081566,1042
"85","3",0.023120193225778,0.0293832040021755,0.352097927290729,0.978276813031393,7.96575853966484,-409.381465835576,3.7831808495892,0.308333333333333,1.47523509918144,1.42530923749733,0.999884306734665,9.95756848995703,0.283024597154768,1.78541622381426,-0.52946650284018,0.425454555002065,1.37577390323911,0.497007136596161,0.579102663118391,0.358908565870835,0.000648135587317443,1.00491230681211,8.05802215795877e-06,5.04691741396145,-0.901247553256433,0.985666069287924,1.03181066718284e-09,16.5859154807672,-10.3051106628415,0.994965564773105,9.45282694134317,0.380676107395856,1104,0.0134613976985759,1114,5.05911135676534,1134
"86","3",0.104040869516001,0.0409142092521035,0.338794573109649,1.00123960186322,11.5402089529294,-161.56336835714,4.18714297739593,0.35,-0.0288052259399496,0.0222333797845772,0.999596578813531,9.9361873191891,0.136280478009755,0.485954802913802,-0.27581224621905,0.663420828037501,1.10694976939684,0.430507062286107,0.739074967566986,0.371750426920826,0.000260683185428724,1.00433467090859,1.37325390926936e-05,3.68500631170953,-1.0364014377206,0.982334621291854,1.42434441278952e-09,12.8126609559676,21.575914664102,0.986778647698454,9.10358361427392,0.509567482414099,1433,0.0222665661924441,1441,3.93329031731413,1426
"87","4",0.023120193225778,0.0295896152439297,0.317055455552421,1.00237983582954,12.0615628933383,-138.201055950809,3.81914075011119,0.254166666666667,0.240056055383627,0.839601731399431,0.999722343117751,9.94249709724132,0.230830711500823,1.51606574093563,-0.500046539551799,0.495796493862016,1.09072729520856,0.510582311964646,0.762235923498433,0.352950398733991,0.000571325017968403,1.00457543764213,1.20793504972331e-05,7.93002796997165,-0.897456848910861,0.983181099920473,1.40561025428791e-09,23.1487910560964,1.60993725608375,0.994686830382921,9.4312674214488,0.477551076894767,1072,0.0220972931085398,1082,1.24617531895869,48
"88","5",0.023120193225778,0.0331819844660894,0.297978172116129,0.940742920915992,11.8532330456038,-169.554689192866,3.85551835758261,0.494444444444444,-0.623753547184749,0.495405125366923,0.999705623832427,9.94951113026369,0.379354745668411,1.01856639104749,-0.101162129126588,0.890614236318865,1.06309524000642,0.903352242034455,0.882407966700022,0.350374262455216,0.0007874525650175,1.00467909584689,6.42242498634982e-06,6.44959512534,-0.713628974237641,0.988004674187705,5.48218423881556e-10,18.4997894752195,22.7235621301188,0.991919361853779,9.24563995582847,0.421104840998252,1356,0.0161664476159053,1366,0.704652045171141,1341
"89","5",0.023120193225778,0.0359603849547108,0.382194708961169,0.96099663057103,8.38189269177417,-430.062076056949,3.98805112595037,0.423611111111111,1.82873340493336,1.6562320980563,0.999783759124391,9.95061083801163,0.223688569678072,0.835472657212598,-0.220346535599502,0.567947889659804,1.22186810656696,0.485568879041591,0.604335829288917,0.351514698264172,0.00318399545742414,1.00483884742858,9.05176281970628e-06,5.21964790677405,-0.90070104632044,0.984942705369206,1.06266233656659e-09,16.071563951843,-14.5588355766432,0.990601320059019,9.39894189279537,0.427292306178275,1062,0.017665637925063,1070,4.14612941886429,1070
"90","7",0.0289002415322225,0.0362665848007289,0.387306888995957,0.956569775827229,9.07716481410118,-390.769523089826,3.89107661218486,0.475,1.96275632542689,1.6626192585388,0.999796872915135,9.94806231790332,0.287364273526395,1.06336863291516,-0.227751312522397,0.681404779372546,1.39973495417653,0.58338132767642,0.578650932318599,0.354521700192311,0.00328885202874603,1.00471179800076,1.40555393412569e-05,4.71293430779776,-0.963178842733934,0.982494505581505,1.35677601254738e-09,14.3696227745853,-15.5132316747444,0.99271025824728,9.45304432846385,0.4629002412344,1028,0.0199929581636712,1046,4.25036812594568,1057
"91","1",0.0520204347580004,0.0327612617730308,0.33676487548081,1.03384581804209,11.0810410055682,-162.14236325539,4.14701315342756,0.231944444444444,-0.698139654699698,0.144070849341162,0.999605573569493,9.95744451388735,-0.121716580915125,0.233317182199024,-0.465020599043378,0.486808391531687,1.05576428655345,0.225607713451662,0.796917341226632,0.338780497472483,0.000806973459187262,1.0049550471022,3.68594260328236e-06,5.80240115074255,-0.748297605279461,0.992976760234633,1.60304484990884e-10,17.061612599364,9.29162006386457,0.965570971934133,8.71103559967277,0.357240085840512,1122,0.00670722478313152,1092,1.4799546126357,1123
"92","5",0.023120193225778,0.0352677060501678,0.305226756995973,0.948662534676185,12.0011835378318,-117.519643573412,3.8553055349771,0.491666666666667,-0.487620471940696,0.337205710077861,0.999848050436616,9.96259906835804,0.342502447245466,0.913806616296761,-0.143073033900997,0.759897077280425,1.33422370388653,0.668040260144323,0.687999751308388,0.344366962499125,0.000292423139611983,1.00498616116116,7.73328168481182e-06,7.22291929183192,-0.788317836082287,0.988130442741885,5.37885568577262e-10,21.165195170368,3.59443269190554,0.991247323168743,9.18111065114379,0.435191967101264,1101,0.0185615639860954,1109,0.660332676358653,1114
"93","7",0.023120193225778,0.0402143960402104,0.369474820333445,0.95096324433106,9.13394118616816,-366.533268418422,3.99143646716792,0.466666666666667,2.02543847912312,1.61912075679206,0.999754972781073,9.94533337911001,0.288865324991632,0.97719038918801,-0.199155143182738,0.612350693586795,1.31926161730042,0.574685913139773,0.558732972847008,0.354975223438311,0.00663395161287783,1.00457466474821,1.13369327673839e-05,5.35351197348476,-0.890003824491971,0.981299818836183,1.75901761334363e-09,15.6635607659249,-14.7921118868442,0.992674208992779,9.41934734067196,0.439510924751608,1031,0.0184777233334651,1041,1.41210323705333,1044
"94","2",0.0404603381451115,0.0198944182979675,0.365044977686693,0.937567235276207,7.8165847818073,-478.146033986355,5.20997694006453,0.504166666666667,1.50039750529556,1.65436248118887,0.998739391246655,9.85443176188494,0.342077604093954,0.732269962310128,-0.114512787170989,0.67861553036528,0.998951222261182,0.759162640630468,0.633818821594998,0.337294360740067,0.487576805220452,1.00080331669124,9.16196510453759e-07,8.47162481316229,1.74602570059401,0.996895544505892,3.24600620667404e-11,25.7218726930649,22.9453803194943,0.982178185262952,8.70810052816042,0.241366780012467,1635,0.00381490585838908,1648,2.42090899204053,1643
"95","7",0.023120193225778,0.0334489073626838,0.361919081977525,0.952061359909658,8.93759608136914,-375.7048443042,3.97568467732703,0.465277777777778,2.01793771016976,1.57964521016577,0.99967328070918,9.92761993268102,0.325795888210882,1.18272618634546,-0.221050116803667,0.593445750024786,1.18667865092507,0.590839769774412,0.53274391462789,0.361553173315502,0.00317005592835286,1.00427038486247,1.59283865448666e-05,4.05791780568583,-1.01521263097227,0.979148529639913,2.13300366497554e-09,13.0297852774186,-15.9022078968242,0.993427549576198,9.42066429389962,0.503044963391429,1061,0.0224783812072155,1071,2.04508381633364,1095
"96","3",0.0809206762902229,0.0296416129557862,0.356636978392035,0.989708313800867,9.44290035958502,-424.153479824156,4.02277697610754,0.319444444444444,0.985232247760611,1.41949248409542,0.999800967719334,9.9532660117947,0.156319686277445,1.06958656722683,-0.527869657989928,0.379384316118652,1.11696544364868,0.350673116662099,0.586146527730892,0.346968764112374,0.00492087135752629,1.00468368730026,5.37617501804313e-06,4.25286249755401,-0.646661766771803,0.989087478366627,3.48525649830124e-10,12.8281458861083,-17.6741944714972,0.991862177369468,9.34397045425587,0.394011080127325,1043,0.0103729555012947,1075,4.5016984327504,1051
"97","6",0.0693605796773339,0.0306802565462054,0.312669371215745,0.89727119832437,12.5499493704264,-270.047786236695,3.82224532315517,0.498611111111111,1.163945871636,1.12804259336069,0.99988814951112,9.95124034498839,0.579412828025678,2.85261782093949,-0.174698300593095,0.620819101045399,1.59899119346507,0.893524248055576,0.613876115454716,0.365556315869654,0.000596335965020207,1.00476932764471,1.04611398266931e-05,6.48890147785306,-1.05178313542363,0.98015131047653,1.95875787016735e-09,19.7682692009959,-3.53325542271738,0.997065675057243,9.45070604922979,0.389949721920001,1094,0.0142139177270798,1104,1.05439005358741,1131
"98","6",0.023120193225778,0.0290129031840973,0.350703625718483,0.990216729409116,8.38208278017118,-371.206658448203,3.76243569697618,0.323611111111111,-0.271574243537154,1.03021816582342,0.999650374534746,9.94193591977238,0.106045619477936,0.803842020944995,-0.439608254726775,0.467494246522725,1.04763445048891,0.344968959487993,0.607924299359134,0.342507819420139,0.0022256193630769,1.00486449588204,3.34171399875534e-06,3.98610070668898,-0.677355480157568,0.991983548839859,2.64628103756638e-10,10.955494862038,-19.9526968815324,0.989213363926802,9.3756932257014,0.349295340206428,1018,0.0122231139834728,1028,0.587655401924946,1035
"99","6",0.0520204347580004,0.032429194147753,0.347418172381506,0.929317083405048,9.85301102820669,-331.088510990533,4.02376541628772,0.486111111111111,0.944583786814618,1.2461562107692,0.999818370758299,9.94908243403952,0.390242920951283,1.60283083624547,-0.217300494196401,0.6740406192721,1.33552775606228,0.699134154182129,0.625208792374076,0.368273127375905,0.0039173167976388,1.00462844962722,1.39322763940271e-05,5.37789614754756,-0.926572347303439,0.980560061088449,1.7474936591614e-09,16.6141752679026,-3.11514557602178,0.995182070568292,9.49585593643656,0.480306667142838,1115,0.0207405338170184,1128,1.36087352716282,1144
"100","1",0.0520204347580004,0.0522318447744889,0.35085999212186,0.970677019885979,11.5308146493587,-174.054490785519,6.05276184873821,0.436111111111111,2.78547807429328,1.35935692005022,0.994585598326261,9.4298371646641,0.0833104157239283,0.370419077170762,-0.176107159507065,0.725305265046387,0.991173351315101,0.560298945718358,0.762988999700438,0.346047630101472,0.168736331397778,0.984378349708644,7.11067285930338e-06,5.30516555486662,8.61140107557198,0.99632096007893,2.37328297904891e-11,21.0781865351607,1.90506719551554,0.878491073006818,6.33587140912306,0.272733420028512,1698,0.0157776335317715,2,0.659653231635636,48
