"tsId","class","lempel_ziv","aproximation_entropy","sample_entropy","permutation_entropy","shannon_entropy_CS","shannon_entropy_SG","spectral_entropy","nforbiden","kurtosis","skewness","x_acf1","x_acf10","diff1_acf1","diff1_acf10","diff2_acf1","diff2_acf10","x_pacf5","diff1x_pacf5","diff2x_pacf5","entropy","nonlinearity","hurst","unitroot_kpss","unitroot_pp","trend","spike","linearity","curvature","e_acf1","e_acf10"
"1","1",0.781378119121704,0.161308946846587,0.632337068913557,1.61796398456565,7.62929011815927,2.61050976608861,1.91394091698246,0.986111111111111,-0.326927325869251,-0.301331772396963,0.612176695644751,0.910001084270522,0.0444225815014585,0.959567440905263,-0.148397211750612,1.32585563515334,1.1042133054794,0.696469459092763,0.684979908961872,0.922245892576894,0.592350525231094,0.856560143544742,0.320196341501957,-5.24162243257097,0.5452759793032,0.00255050537074493,-1.38376571276537,0.117763370751973,0.261835252870106,0.624850247853444
"2","1",1.56275623824341,0.0249130536405557,0.510127926333085,1.61796398456565,6.2072804124332,2.6340912073349,2.19236338800937,0.986111111111111,-1.00099603625379,-0.0323780448585934,-0.134842891355696,0.368681187434983,-0.634422974763615,1.10381601920103,-0.802843428737745,1.69591683789277,0.287551332083402,0.616532133519127,0.885514922865915,0.990217900950241,4.22613146660634,0.500045830129239,0.0935538868092162,-16.7138476000635,0.203498406161479,0.00480608551095455,0.0660594677347815,0.311876744333118,-0.341754926393476,0.497558802870383
"3","1",1.30229686520284,-0.0741079721537221,0.210577351956112,1.58162403791787,8.20293051040285,2.5727879652117,2.35379204760667,0.986111111111111,-1.48776438850047,-0.153525769776436,-0.25385177814819,0.341215520887774,-0.611883429169923,0.769525869870481,-0.639536770232171,0.780946192051909,0.284973373335702,0.730879688430333,0.761838790812853,0.990777725510402,0.616907447612507,0.500045830129239,0.383642902806198,-19.7109283815181,0.177077943113702,0.00294015686888022,-1.40428811834837,0.178998769893575,-0.48570618552251,0.579617630445981
"4","1",1.30229686520284,0.0249130536405557,0.454340154116265,1.63613395788955,6.63634859279649,2.63940560519572,2.16788400545969,0.986111111111111,-1.01387208310174,-0.472753351324568,0.0706627334850491,0.136587747307308,-0.357487300880131,0.484698082278279,-0.624110173873406,1.24262855525579,0.144812649560572,0.468424589532134,0.735089454498529,0.988813517838977,10.4139269881145,0.500045830129239,0.189068762027168,-12.1262812922696,0.252265584305918,0.00411879368492046,-1.17439396167087,0.513067431452869,-0.0873294579327068,0.2514289144883
"5","1",1.56275623824341,0.123934079434834,0.567280314276978,1.59979401124176,6.90236111869059,2.61371629079093,2.21349730791185,0.986111111111111,-0.602953479328037,-0.88944037087376,-0.215213903742044,0.247769141619023,-0.602694150921665,0.625599334545814,-0.645199663121532,0.749931020753267,0.0970550701571924,0.548310248721449,0.688448988927298,0.996499681480995,1.48475635495567,0.500045830129239,0.290492744112807,-18.1590163971199,0.118341085517571,0.00425967526859778,-1.3714293909274,-0.295662235710689,-0.458151156072145,0.42852898368671
"6","1",1.56275623824341,0.20240638576827,0.615227326352275,1.58162403791787,6.16728710793569,2.65545393931579,2.01910511486878,0.986111111111111,-0.673990896998359,-0.379667287416449,0.367001647351603,0.440067533748204,-0.260414628695027,0.399647854040792,-0.458142185617441,0.562427721502633,0.3060407539432,0.319801222404546,0.847365209603537,0.976351975900083,2.23440981969961,0.749511826333905,0.227703515799402,-7.5863407629837,0.480306998583277,0.00321071411507966,1.522872344909,1.51615448204151,-0.0228481512321385,0.278345698677715
"7","1",1.82321561128398,-0.0741079721537221,0.247891851470803,1.63613395788955,6.46853257592894,2.60005832990252,2.18459776025078,0.986111111111111,-0.355709815487287,-0.690221659206304,0.495788107445745,0.582420097685778,-0.0904352908636881,0.150440709206709,-0.462746512772379,0.316526795393227,0.391543967013769,0.201768432007753,0.419649270388711,0.948860871848107,2.0203836614199,0.776663358891642,0.171913184087276,-7.65138631860353,0.457879676041548,0.00303685450033458,0.999695775743271,0.955044488516634,0.222715904813037,0.423794160546823
"8","1",1.56275623824341,0.123934079434834,0.557150942236084,1.58162403791787,6.47239834770354,2.63702398942018,2.00220364370097,0.986111111111111,-0.364523319150746,-0.74910218483113,0.25822464964651,0.476468902159653,-0.141168427684377,0.535851720947757,-0.525090038835765,1.25252579562374,0.50297610303438,0.470242696139303,0.787740260126159,0.970875683189391,9.06892284124764,0.500045830129239,0.0894516973952142,-10.4917429377909,0.203799135628516,0.00603783162511921,-0.444598360311481,0.297936159313515,0.157303392494799,0.610466361750206
"9","1",1.30229686520284,-0.0741079721537221,0.101581373185412,1.59979401124176,7.10344379201299,2.63536485401064,2.22401015389396,0.986111111111111,-1.17317117100664,-0.272306383867227,-0.00375383092297864,0.15609852181866,-0.549664009800832,0.451270215686264,-0.698805225477026,0.748836198337766,0.0528024923095979,0.696736135738571,0.933912206163449,0.999593691292009,0.0772482336804465,0.500045830129239,0.390566499769569,-14.0996932371893,0.233479214348139,0.00418055650308683,-1.80974726081798,-0.194523699887719,-0.283691923090386,0.2416970874336
"10","1",1.82321561128398,0.0249130536405557,0.454967405619803,1.59979401124176,6.46299762019039,2.65910395792594,2.04422221836327,0.986111111111111,-0.810579441042616,0.216558140166963,0.233291535942206,0.278332791352523,-0.213265226372537,0.501383135455657,-0.467484888535003,0.868751127996242,0.219659569955063,0.240775265045301,0.694644338923469,0.992311422147263,2.62728131176064,0.576048273163221,0.164791634715237,-8.992754908154,0.421858251351952,0.00163891983563691,0.871711120500873,1.69638697006635,-0.0323115609393556,0.378779402548316
"11","1",1.56275623824341,-0.0741079721537221,0.196153813979252,1.61796398456565,6.17381038209596,2.65984504774104,2.0551134420424,0.986111111111111,-0.269966496326496,-0.327702170174957,0.258586411189901,0.238852590459606,-0.223819739671356,0.248750935403321,-0.429730753861433,0.341588513230063,0.149276293807226,0.300422823481283,0.321690096764429,0.985862627961378,0.508461516103017,0.554834118820989,0.166147001007162,-10.217508827085,0.285646296418164,0.00304926164471118,-0.806912223723018,-1.21698230254542,-0.0454155850316088,0.339849174044441
"12","1",1.56275623824341,0.0249130536405557,0.470507544666091,1.58162403791787,6.91820196581023,2.6052044198708,2.25154037086752,0.986111111111111,-1.09168957107022,-0.130974129342003,-0.203114803779936,0.358655845234253,-0.686009460558418,0.819761680476305,-0.815453868846375,1.10919350867752,0.224049878482599,0.5196779329859,0.941215024726967,0.989666248287144,3.1384715108235,0.500045830129239,0.162208270924374,-19.3356648624733,0.301984572901562,0.00429353623063978,-0.189836884876653,1.05132987946505,-0.53690260490742,0.503542528185126
"13","1",1.30229686520284,0.0249130536405557,0.492027915619272,1.63613395788955,6.32998212598162,2.64190314646899,1.9881126586636,0.986111111111111,-0.534036271317281,-0.507189562755775,0.143614969959594,0.656650945417394,-0.17465339445063,0.747677049488025,-0.350571695035913,0.629959059693112,0.334976291055122,0.513125992901428,1.04669453732071,0.997760820775122,1.95443454926409,0.500045830129239,0.214280735470202,-10.4491613926838,0.149703602831734,0.00654972233771673,-0.586848570456143,0.450114202322422,0.00635528028821227,0.8546879919465
"14","1",1.30229686520284,0.0249130536405557,0.485062718299759,1.59979401124176,5.89002829372577,2.6677108333177,2.00399030941553,0.986111111111111,1.19016464315798,-1.0328291270927,-0.220096339806005,0.143350402885769,-0.620534156817395,0.526246649335089,-0.718141161045215,0.694174787225786,0.0709809671843339,0.655165538794962,1.00095793702842,0.995502265674452,1.73971869063956,0.500045830129239,0.185088138030487,-16.9216990116808,0.134026997982793,0.0159179711154731,0.857621149830175,0.631336164502144,-0.396433196304017,0.265487634957311
"15","1",1.56275623824341,-0.0741079721537221,0.196153813979252,1.63613395788955,6.97345712889299,2.61461127855676,2.16751919712263,0.986111111111111,-1.35558881855786,-0.16860978167438,0.224984151180385,0.325681229561913,-0.133642139896419,0.356053542978909,-0.283880440031062,0.523844072222402,0.478002720576044,0.410067715871251,0.625961439708749,0.984802735186417,1.75356516761009,0.500045830129239,0.12746302634091,-9.6452535925582,0.281786688080473,0.00355395987789718,-0.0113561732434737,1.27422167925273,0.0112394292942938,0.396027959670487
"16","1",1.30229686520284,0.222955105229112,0.602241756233601,1.61796398456565,6.44031183903472,2.63460480949397,2.03722161406462,0.986111111111111,-0.825058980384882,-0.656881394815767,-0.300739569580789,0.425990421954271,-0.391778278973339,0.495436065722562,-0.430137312424765,0.50007832403549,0.636307007159334,0.567013025915176,0.528780423006423,0.986694486111039,2.46463754465714,0.500045830129239,0.0983437943469221,-15.4928876579106,0,0.00909484687875379,0.179476713470879,-0.235742818632494,-0.294813432033172,0.395735165446112
"17","1",1.82321561128398,-0.0741079721537221,0.180536680073481,1.62027795353304,5.94159055993525,2.6587144038282,2.10189449210845,0.986111111111111,-0.714696140941348,-0.349145446888918,0.0203151797970218,0.223017760709512,-0.35443703466851,0.331546833043715,-0.612410126694929,0.526555422111055,0.235065677937825,0.33183065806755,0.813877031886235,0.997253964025202,0.0213150490367338,0.500045830129239,0.0990295413211023,-13.1919699440531,0.258402583564545,0.00838735857217573,-0.176825856606147,-1.04608714251134,-0.113472090441738,0.300604565783388
"18","1",1.56275623824341,0.0249130536405557,0.462180914257788,1.59979401124176,6.76883155167034,2.61049952407731,2.27694558797287,0.986111111111111,-1.06654883382184,-0.093134326527146,-0.180082542592123,0.468162216627095,-0.33300658747905,0.591439879033524,-0.334292283074902,0.530460436267003,0.360054841744243,0.768589981501247,0.601504990898008,0.991470557577735,0.999339695853701,0.500045830129239,0.10877612908047,-13.4996430149108,0.00782870818769243,0.00726817297297843,0.317380765091516,0.376301300052699,-0.187809884940747,0.560837020621691
"19","1",1.04183749216227,-0.0741079721537221,0.236349674770959,1.59412503785561,7.27813692390046,2.55299536501274,2.27770643461838,0.986111111111111,-1.21326224369149,-0.160480237705225,0.392045971415448,0.583545365187248,0.122551590142113,0.358672056107394,0.129120388463022,0.316125108064975,0.493761981368848,0.442710393964236,0.317362677496968,0.962594460595289,4.77906502164845,0.59590576368635,0.0799616912760387,-8.38882155471815,0.231103870116901,0.00552666964671148,0.0647826685116408,1.03776683778858,0.278646877403738,0.634036220730945
"20","1",1.82321561128398,-0.0741079721537221,0.223940500682236,1.61796398456565,6.81756669817273,2.62492937831374,2.23080794188397,0.986111111111111,-0.0938936896052716,-0.24329441973812,-0.148205088491351,0.292224798286295,-0.473835861945566,0.51655539871642,-0.632776190636754,0.74783884320585,0.082526425809413,0.614780234843263,0.998866041122502,0.99306484336531,5.29275610383259,0.500045830129239,0.188132516550522,-14.9561936416601,0.0732109781190756,0.00867994833714161,-0.809094539656583,-0.584294841606405,-0.278820662880333,0.511826383072819
"21","1",1.56275623824341,0.123934079434834,0.545828083169056,1.59979401124176,6.7380806858763,2.61064211815044,2.25029547923581,0.986111111111111,-1.05372008274791,-0.328114754976652,-0.40383074995989,0.452501863476554,-0.595306916519288,0.616103890919385,-0.684855199245569,0.665916059737257,0.243409453371011,0.642097535678592,0.772715811160634,0.993652721239303,4.56434315475735,0.500045830129239,0.135697963313695,-19.2562570833052,0.0700398128718055,0.00569574036417638,0.281827825798535,0.440589859466911,-0.456399219783392,0.49598495144096
"22","1",1.56275623824341,0.123934079434834,0.554086090692215,1.59979401124176,6.89668459381285,2.59683260412916,2.33709650230917,0.986111111111111,-1.44840860769056,0.0166565415899374,-0.281662459271599,0.228126072481537,-0.558701322588138,0.474392999213246,-0.645612892422599,0.635380228288114,0.134975127082175,0.648183589129424,0.783397830534716,0.984450054178293,2.47369237658006,0.500045830129239,0.34360217480615,-18.3398372404969,0.156477411199263,0.00438982178132013,-1.45106342230661,-0.670473445895694,-0.425898008955184,0.321713862658432
"23","1",1.56275623824341,0.0249130536405557,0.494780392183928,1.59979401124176,6.16873296858864,2.67967503355047,1.94612825063395,0.986111111111111,-0.986086002675968,0.111782440365258,-0.316840225344508,0.291042879534243,-0.583846679483117,0.576966526008222,-0.716127427543998,0.820054348803851,0.229214806099593,0.802994202578476,1.1347109838466,0.997517826724921,1.32285387100783,0.500045830129239,0.18158055278922,-17.0285006500087,0.0551451159591958,0.00619295712992135,-0.755216550592174,-0.0349175733171218,-0.387635726308132,0.415827056679579
"24","1",1.30229686520284,0.0249130536405557,0.466608184070363,1.62027795353304,7.70860264227204,2.59158592844947,2.27191390025046,0.986111111111111,-1.34354256829897,-0.327125244314309,-0.207870887403881,0.344455082771388,-0.654319071588993,0.846486383406844,-0.803257515247796,1.19333411340945,0.29799541669261,0.821728659283504,1.03303269679947,0.987882593586459,1.55394651053092,0.500045830129239,0.226167623538709,-17.5649420376903,0.144725504013415,0.00398298196197972,-1.04799675043389,0.0398737140924043,-0.390216272074803,0.516146311965917
"25","1",1.30229686520284,-0.0741079721537221,0.210577351956112,1.63613395788955,5.68714299898063,2.65831359412375,2.05612544255099,0.986111111111111,-0.443018375116917,-0.785622278129809,-0.280223594019632,0.46626721773129,-0.413413056066097,0.531850915609053,-0.601151357384775,0.732909291272582,0.166058560070012,0.307500006201846,0.549938862193737,0.969176307169428,0.02407703939547,0.500045830129239,0.13390276663421,-19.2268341823775,0.101564326616276,0.00932146567512172,0.248190921834314,-0.467043720753483,-0.343285490441313,0.535562580507911
"26","1",1.30229686520284,0.123934079434834,0.557846050059607,1.61796398456565,5.81102252668107,2.67818203129791,1.64634236157941,0.986111111111111,-1.14233410572869,0.324791531672578,-0.578230383399748,1.14534498695334,-0.694162424758273,1.23251859304505,-0.76620332374847,1.26556666634014,0.690284623699641,0.853890438040137,1.02739554321957,0.934412456105553,0.754814190146003,0.500045830129239,0.125253121226958,-21.9286622399005,0.035546017301077,0.00573200010584504,0.544003937968936,0.223871237034906,-0.567960539843736,1.06656721743219
"27","1",1.56275623824341,0.0249130536405557,0.45715783104482,1.61796398456565,6.29534975180727,2.61410197424377,2.25310485512113,0.986111111111111,-0.44518314513439,-0.720566162887619,-0.105281793082032,0.248855933680846,-0.578375488855141,0.676374438431247,-0.703065971282166,0.98737031086149,0.100766771258403,0.454311238403841,1.05996157949834,0.996505242534441,0.683287091274564,0.500045830129239,0.110610787429983,-16.0214926113178,0.176023587563323,0.0109723318005428,-0.348262122020841,-0.966172317828597,-0.28370915624583,0.304500004250425
"28","1",1.30229686520284,0.0172960516563805,0.546615393154588,1.61796398456565,8.10824949625711,2.54356423019338,2.30529542951747,0.986111111111111,-1.27144923113705,0.130549868074106,0.204912874610233,0.342274923112702,-0.272653801693553,0.430804135279565,-0.523813533417175,0.818223989371587,0.370286424053757,0.438883023806227,0.886129524922927,0.984781936087453,0.644325018188612,0.500068544401556,0.244823003753143,-10.0716103740257,0.345825969831441,0.00504676264447233,-1.85813193122708,-0.711475840755184,0.0214613568506605,0.26453917227218
"29","1",1.82321561128398,0.0249130536405557,0.474140978130011,1.61796398456565,6.40872069213632,2.6168286565562,2.17152236208086,0.986111111111111,-1.14651855726472,-0.341268567866452,0.0159765888708921,0.333825563397033,-0.467284309436605,0.464131596021169,-0.724461041605101,0.835800166593238,0.180026752560677,0.5346852004782,1.24301869428212,0.997870937884322,2.06807957255856,0.500045830129239,0.342157212563711,-13.3983510335961,0.279164997885768,0.00760888475660566,-1.66299646732587,-0.817427751412801,-0.194207247558607,0.491215318849584
"30","1",1.30229686520284,-0.0741079721537221,0.196153813979252,1.58162403791787,6.68655266443873,2.58691863924049,2.11667794761535,0.986111111111111,-1.15172869428737,-0.347415401648964,0.404374759276064,0.89581401992614,-0.282384232569073,0.688701275537658,-0.648921756754448,1.33504304633648,0.649653857965539,0.535103375907114,0.979015801009451,0.973998200903139,0.649799482715407,0.696385563337276,0.100293713979509,-8.68401219232237,0.453016783163133,0.00149562849654833,0.0141253822424924,0.483836728834296,0.0981606124147886,0.572641675623784
"31","1",1.56275623824341,0.123934079434834,0.557846050059607,1.62027795353304,6.17644684786391,2.64642637952518,2.13802034025447,0.9875,0.309006852002416,-0.573515824156009,0.309861887695433,0.321779312880451,-0.221739083321698,0.370599502611938,-0.579842124511137,0.981640276099533,0.212827270878164,0.302107353896009,0.693857228757091,0.971567271572901,0.00286076625160248,0.665818315472194,0.16026549783946,-9.19389184032634,0.399486064659099,0.00429399189844776,1.04451231228103,1.64838917895809,0.0730646389933691,0.383888840377133
"32","1",1.30229686520284,-0.0741079721537221,0.180536680073481,1.61796398456565,7.1896132463366,2.59376895368325,2.328924805798,0.986111111111111,-1.35580967750443,-0.192951685449565,0.0858127814649247,0.171612501139942,-0.496120721584174,0.37421856445223,-0.639771233809549,0.49954844498593,0.0580130547699132,0.647266294179298,0.840076863569381,0.999906156242556,1.60812236874281,0.500058246284361,0.338606328145328,-12.4481018185623,0.302076624185132,0.00415691019022061,-1.48249854230748,-0.408355136105065,-0.194026622894205,0.275698607868253
"33","1",1.30229686520284,0.0172960516563805,0.545828083169056,1.61796398456565,7.84150034979834,2.62985410158447,2.17272898656807,0.986111111111111,-1.32281908086829,-0.411132615726258,0.0553562912612144,0.347513942546006,-0.631147575500834,0.852109433870536,-0.735495839909399,1.05033247203936,0.222343293310935,0.634354852860601,0.989178441898043,0.997847964199764,0.590541068701771,0.588152719736256,0.408640828516119,-14.2538300032242,0.37081223705378,0.00369676350196302,-1.65978157934228,0.129112575761316,-0.466673270486408,0.571542100787226
"34","1",1.30229686520284,0.123934079434834,0.558179922188075,1.59979401124176,5.8790094070942,2.63710163965291,2.12998939643536,0.986111111111111,-0.850415962074741,-0.286004890646076,0.0336553781375905,0.191016352403646,-0.495429994507713,0.611786592501989,-0.623857889426235,0.871156692289981,0.106163795264112,0.519859235553921,1.01723306413881,0.999580675002894,5.74736272659609,0.500045830129239,0.216624860275462,-13.1071849861947,0.318681425462099,0.0044743194123586,1.29360792514286,0.924131816080961,-0.26834138376885,0.33229158406691
"35","1",1.56275623824341,0.0249130536405557,0.454199009981641,1.61796398456565,6.26954483360334,2.64073072438399,2.07453354637335,0.986111111111111,-0.803852779077903,-0.0440339961865951,0.43382421909179,0.674903897615706,0.0891916863324988,0.347051774705989,-0.284947261240496,0.281425165604581,0.555119711073824,0.371833125628892,0.408985080177349,0.959848508083579,1.36022312333785,0.638590471367205,0.0890211504595863,-8.33904529092076,0.265728080555409,0.00377548557268351,-0.222070763174515,0.439921590290048,0.305136712718385,0.759406569081124
"36","1",1.30229686520284,0.116317077450659,0.56396478385865,1.63613395788955,6.12067668303914,2.60311229443994,2.02995475570057,0.986111111111111,-1.23111992290019,-0.264036658350824,-0.662176436756501,1.16812957725847,-0.786900313031782,1.51381070876445,-0.795962736139236,1.51980701513417,0.809821363971818,1.41251960292073,1.30212150601391,0.901576668474534,0.155535522283462,0.500045830129239,0.218302281635715,-23.6666854125334,0.0368489542488216,0.00494103055886674,0.800322825957189,0.277399598615696,-0.695130890855666,1.25107685662411
"37","1",1.56275623824341,0.0249130536405557,0.455943252966361,1.59979401124176,6.00367343163292,2.60666250621196,2.16861114955983,0.986111111111111,-0.835877829155669,-0.74784189256104,-0.263751970355772,0.323252900338237,-0.695502507220263,1.03089912211262,-0.797910459949788,1.32033301034012,0.109372299856875,0.691145085273939,1.23858007176927,0.997553515914015,0.347756295298975,0.500045830129239,0.168796256767916,-18.4954880592521,0.168828848046431,0.00560304304103,0.718744178950209,0.707009514626377,-0.466739176402653,0.575213364925369
"38","1",1.30229686520284,-0.0741079721537221,0.268653736072302,1.63613395788955,6.6876355270725,2.58079644369329,2.23432527906603,0.986111111111111,-1.06149131176922,-0.556214626171033,0.241653572929863,0.513711422786187,-0.217642305260411,0.463313067593718,-0.500077285830785,0.829447287573946,0.299136900779825,0.428394136737593,0.953833172515323,0.983931037395983,9.02598027873903,0.502283737903782,0.133882027240169,-9.90368283476509,0.319183998613601,0.00436463750163567,0.571262666898666,1.53322081034363,0.0288271091633382,0.679074063655202
"39","1",1.56275623824341,-0.0741079721537221,0.210577351956112,1.61796398456565,7.55494096404964,2.59743566454103,2.19278922556759,0.986111111111111,-0.638848434255189,0.295760043689411,-0.0879560382187015,0.611357874907825,-0.61266425433632,1.02756172506056,-0.816503730466127,1.51005797557934,0.531231312383107,0.627766027021024,0.809667466192041,0.998572183817279,2.14347898251269,0.500045830129239,0.0870145376653269,-16.5898090801082,0.210782315997408,0.00634978766526737,-0.835528651742051,0.186011871052395,-0.286954375442246,0.536176589164168
"40","1",1.30229686520284,0.0249130536405557,0.496279867480938,1.63613395788955,7.91555380089413,2.56024063302084,2.32130163105307,0.986111111111111,-1.34545542031363,-0.289879371056044,0.113525587322431,0.129932747775035,-0.392476855574323,0.391895665598854,-0.520374852492118,0.620464647603404,0.0293170146882523,0.314392922650587,0.540923831019199,0.991263534349309,0.413638294712089,0.512011153847792,0.285655770172348,-12.0077067451647,0.244718823649417,0.0030903194416917,-1.30835750242004,0.275210341440907,-0.138724477308123,0.21888034751417
"41","1",1.30229686520284,0.0249130536405557,0.501927664832995,1.61796398456565,8.86720649439663,2.55477903867686,2.39235347921901,0.986111111111111,-1.65541481157835,-0.173153314059446,0.0525776678823393,0.145870909532643,-0.291224723517115,0.422920397084167,-0.342483930635178,0.371255442162727,0.063513801919084,0.585938282052283,0.535911011894567,0.996611137771318,0.237845233443256,0.500045830129239,0.353819617539529,-12.0806423932126,0.212179676968138,0.00388335170193929,-1.46373767668667,0.175026796316274,-0.145125948955578,0.336791236239006
"42","1",1.56275623824341,-0.0741079721537221,0.196153813979252,1.58162403791787,6.59730061513919,2.64719124813614,2.08471003221041,0.986111111111111,-1.075321251091,-0.242071277605926,-0.284999116932282,0.308708572240072,-0.608433433418263,0.777822429548969,-0.746920201403966,1.16362859130596,0.375180235629671,0.705096925979968,0.939108816512067,0.978392862099073,0.99601732625415,0.500045830129239,0.0745115479684429,-16.9666675321718,0.0910721258032925,0.00682139170532669,-0.0613843730396585,0.191332969839129,-0.348983000013101,0.35430170845018
"43","1",1.30229686520284,0.222955105229112,0.637740549458921,1.62027795353304,7.16724778535226,2.61860648278127,2.21100530491705,0.986111111111111,-1.42775648936903,-0.489889722967799,0.265132986785143,0.317981288554426,-0.408664957761968,0.532038868133242,-0.733815179798451,1.12668102764058,0.180127478871453,0.368494649960494,0.921969978183603,0.981927972359866,0.830070909400411,0.662173936285485,0.289289110077061,-9.66386636098404,0.436962108201714,0.00306476390830842,-1.34495420710887,1.2861906611551,-0.109012664426118,0.430277000648329
"44","1",1.82321561128398,0.123934079434834,0.557266034443227,1.63844792685693,6.57179099070893,2.63228505379232,2.19763306744864,0.986111111111111,-0.876576280143841,-0.039648430688927,0.325827613876181,0.341729400179794,-0.0633891210858835,0.170516665766045,-0.368875677474172,0.26166386573348,0.244410732453026,0.160496780165271,0.379434095165001,0.96127413378384,4.35805320752631,0.583398349589554,0.135761254034792,-9.74728849366281,0.309058687824369,0.00392924362767659,-0.306198096445179,-0.0165265645364776,0.168164247122238,0.448045851812479
"45","1",1.30229686520284,0.116317077450659,0.608082530068005,1.63613395788955,6.68122379741584,2.60345785691595,2.14884825759743,0.9875,-0.40995784413378,-0.913214859102276,-0.266483160143812,0.445444208426106,-0.45490787748955,0.554917390561307,-0.602583616645021,0.594986436905795,0.268828119783227,0.325042728590167,0.535750078246466,0.99221105462534,7.079963397703,0.500045830129239,0.118174372186787,-18.4428895817922,0,0.0108418952846604,-0.210787513155816,0.356258877317914,-0.287048560142068,0.481615213886928
"46","1",1.04183749216227,-0.0741079721537221,0.163554336053112,1.58162403791787,7.62551790826463,2.59282729764685,2.27451304774055,0.986111111111111,-1.24398710175151,0.0117018498255855,-0.0448079131657917,0.149027507996857,-0.58881883814506,0.493485548188282,-0.716644929081906,0.68969188000857,0.0356358734154783,0.644108999895337,1.0828791767353,0.998632084038854,6.453548995493,0.500045830129239,0.330929243194071,-14.9892369516997,0.269611237619272,0.00846807328265091,-1.39833333716421,0.350955308108401,-0.367998622636716,0.278558470134117
"47","1",1.30229686520284,0.181857666307429,0.60703921348617,1.59979401124176,6.601869037757,2.62569349631727,2.21391220993202,0.986111111111111,-0.747598324811343,-0.113816964972379,-0.417254799405566,0.419971409909889,-0.643869734682247,0.815079704390372,-0.783935878426986,1.23500027197689,0.305593880914299,0.695132268826581,0.979846230712586,0.973224439191164,1.50639254622754,0.500045830129239,0.173819353122533,-19.2374100440754,0.0239460684234543,0.00743087463615003,-0.741845447424674,-0.290696072190365,-0.481486604220624,0.486586087588604
"48","1",1.30229686520284,0.0249130536405557,0.454713416104581,1.61796398456565,7.18531770669225,2.58770215313866,2.26312493747476,0.986111111111111,-0.993262696994944,-0.501122547149978,-0.163779140574744,0.499924553371755,-0.654616702782491,1.37288708340811,-0.826530108619073,2.05192079775223,0.275034449457981,0.570022289529657,0.867175105094385,0.997819312010358,1.62296107666473,0.500045830129239,0.122750864550743,-18.088036513126,0.251471939176386,0.00240046285852937,0.146254612450338,1.23997015481361,-0.411503242440556,0.649574498415968
"49","1",1.56275623824341,-0.0741079721537221,0.196153813979252,1.59979401124176,6.42545497844501,2.61676559198846,2.25704948987638,0.986111111111111,-0.606995852094623,-0.469728802839711,0.0552313341997486,0.193628522129867,-0.285728488549401,0.271765778275242,-0.542054237875095,0.766007529769267,0.104841997873088,0.202122774030761,0.479001917883251,0.999242006109426,0.768357162973303,0.500045830129239,0.0973154452999092,-12.9496323864878,0.200089885319663,0.00615114590852577,0.646084041252813,0.0476748984928982,-0.103162787996588,0.211050939767487
"50","1",1.56275623824341,0.0249130536405557,0.494780392183928,1.62027795353304,6.67112629154113,2.6475378292717,2.0786162416549,0.986111111111111,-0.675714432438935,-0.177934622935812,-0.565392317550248,0.523604392268532,-0.762377233825359,0.865166919838543,-0.836072951968267,1.08125470451258,0.367503381316785,0.769984575270262,1.33073116434742,0.94421838635549,3.44804944356803,0.500045830129239,0.117665210979617,-21.6445956522264,0.102596340723043,0.00818833130074749,0.0571663250176533,0.350796943463263,-0.652229343938095,0.625809525184003
"51","2",1.56275623824341,0.123934079434834,0.546640900223061,1.63613395788955,8.78735964733777,2.55644176022798,2.39384413217059,0.986111111111111,-0.52062815950114,0.714620566507877,-0.0248194430588466,0.118346277246038,-0.348024322519497,0.261562002328259,-0.457383811719019,0.361032505988001,0.0606330153572664,0.245104179736457,0.30385254226261,0.999476645785832,0.183340259862021,0.500045830129239,0.136159173395067,-14.92084371873,0.227229646024918,0.00823379999278886,0.277716622956717,-0.194867748661903,-0.230919408201154,0.186163595018744
"52","2",1.30229686520284,0.103385359973992,0.568593654827355,1.61796398456565,7.68438114365745,2.55265490421117,2.24956186839353,0.986111111111111,-1.35284173237853,0.370718908029933,0.332217000321172,0.336481513176698,-0.13843010211726,0.230565398625432,-0.517730816982427,0.585928048011709,0.295829604648396,0.0857966601476781,0.42642305175327,0.973325522031931,2.82407614996761,0.707998915032318,0.221645814127955,-9.07027018042732,0.493727006432936,0.00404721375702573,1.88328733755304,1.20361903196668,0.099905514603423,0.340442518941923
"53","2",1.56275623824341,0.0249130536405557,0.455943252966361,1.59979401124176,6.88430431185837,2.63800199681642,2.17885206750444,0.986111111111111,-0.780764579022432,0.56157141340646,-0.157834155583232,0.450675758999361,-0.471020322214764,0.791310866670905,-0.493521538158192,0.723836614845252,0.168963407764766,0.633201230933523,0.632120522411016,0.991201402058789,1.2824791341254,0.500045830129239,0.141428727330292,-15.4032315376942,0.119059194306818,0.00726408057509011,-0.174769177363211,0.906532767287855,-0.316945630740624,0.549535318623865
"54","2",1.30229686520284,0.0249130536405557,0.454967405619803,1.59979401124176,7.71337078237354,2.58358352568495,2.16714692572286,0.986111111111111,-0.744742815098956,0.310456673734399,0.146213639463241,0.329683836116768,-0.180141613856182,0.392065914706143,-0.315084854965698,0.616332500301836,0.417814228935368,0.344470646723046,0.61942432248351,0.997691517256167,2.2164399760471,0.500045830129239,0.143138170207604,-10.0031404398458,0.283403429586797,0.00547171856447439,1.32878780659171,0.436524953290163,0.0344591682156758,0.33715121872435
"55","2",1.56275623824341,0.0249130536405557,0.495977643496065,1.63844792685693,6.74698427707161,2.62602222177552,2.17381939723985,0.986111111111111,-1.36567647987106,0.590908561624664,0.361600238127779,0.28861308583586,-0.0716153747132285,0.33358612583499,-0.287317284456988,0.436890444510489,0.287660551368468,0.199508132080363,0.348615718149716,0.951462620247988,3.98542507757595,0.651234947934229,0.203757419132385,-8.97988539098147,0.375124148236966,0.00260478238313241,0.831706181535574,0.269164895466224,0.110304731511393,0.32213002777905
"56","2",1.04183749216227,0.123934079434834,0.558237257257779,1.59979401124176,7.22721005225829,2.61618435815007,2.27545796161992,0.986111111111111,-0.852439512477082,0.476568748182847,-0.106569104633507,0.308097258683672,-0.685288482629379,0.987478588873968,-0.773852813615174,1.26054690125681,0.118875284279671,0.641720163213655,1.03093794699466,0.992209727771998,1.81914232134351,0.500045830129239,0.352255138446822,-16.5664271399565,0.307669467513755,0.00668377655749533,-1.72868656209884,1.00238348155229,-0.483105902585924,0.590159342609861
"57","2",1.56275623824341,0.0249130536405557,0.508245673450164,1.59979401124176,8.76120724625718,2.59778233798243,2.31755758163472,0.986111111111111,0.0623136935174329,0.693173253123329,-0.0719487920460643,0.230296904983826,-0.357073701218801,0.2717349793892,-0.524474869598663,0.524725849099163,0.168381613888422,0.397643526217434,0.414677283434526,0.998987898218111,3.1899515367025,0.500045830129239,0.142381879180898,-14.6342896099346,0.0352058224636185,0.010682518157159,0.770921791564315,0.114409559058229,-0.141014228108387,0.269585576925263
"58","2",1.30229686520284,0.0249130536405557,0.466491259123277,1.61796398456565,8.32700061024373,2.6102627678047,2.2501788093545,0.986111111111111,-0.583418397303025,0.902663503076431,0.270300275682914,0.393506057783878,-0.180646828484487,0.39676246585425,-0.310557131581004,0.429232830987048,0.207544303675786,0.42196758129847,0.419988867652425,0.975673413947919,1.97068830938664,0.68695726724544,0.426410139095035,-8.43067441231181,0.358307921456683,0.00449576628311378,2.13900277810814,0.49247769245046,0.0288604458303688,0.419267988750652
"59","2",1.56275623824341,-0.0741079721537221,0.196153813979252,1.61796398456565,7.88227830973981,2.57381415437277,2.26151478016707,0.986111111111111,-0.643000034303737,0.616009245379419,0.0854121989234093,0.296738261734988,-0.197325322109415,0.476915237895169,-0.383389648089006,0.675371964843361,0.311310912343193,0.281137382259604,0.499160139078731,0.997151463707875,0.829265795856067,0.500045830129239,0.105012372274037,-10.9331529823576,0.19082234790363,0.00600332029334816,0.2232459819343,-0.763118733776078,0.0164335332796851,0.329179609793985
"60","2",1.56275623824341,0.0249130536405557,0.454199009981641,1.61796398456565,8.03893261143928,2.59745881703452,2.29130839142094,0.9875,-1.47161818648998,0.464986840534299,-0.340896393568783,0.202797065670377,-0.597765208867777,0.462937080913192,-0.615765628756327,0.538753379738715,0.162934196902615,0.559512756139409,0.583739123251347,0.969073934241482,0.587054063690937,0.500045830129239,0.235471670966689,-16.4840444378902,0.14924739047289,0.00340445139337524,-0.91076116226436,0.744882181525535,-0.500045526171162,0.331209031472155
"61","2",1.30229686520284,0.0249130536405557,0.468076564830705,1.63613395788955,7.49285908453994,2.61538091876206,2.27472485307374,0.986111111111111,-1.40502021342368,0.373302644562457,0.0384747903840879,0.139999271564302,-0.552890053455306,0.530548151941527,-0.691693554168185,0.723810770624167,0.073818425614279,0.638251523408372,1.08173033573785,0.99726172976111,1.54929635359343,0.500045830129239,0.340676798616196,-12.1687668842427,0.389568373603994,0.00249781435069684,2.1641291118696,-0.286806416276692,-0.318619433937602,0.301076705117803
"62","2",1.56275623824341,0.103385359973992,0.574654766121776,1.62027795353304,7.60771721870352,2.65287276619029,2.13297650918745,0.986111111111111,0.144395499866607,1.1143986996902,-0.330038960184548,0.254681612243884,-0.61969321120658,0.804158199041317,-0.740683600085345,1.1825500266624,0.119797361374425,0.433173060273666,0.827263172226645,0.963874493446217,0.749389134793856,0.500045830129239,0.117329390177696,-17.757157493028,0.151770295518188,0.0103882461627392,-0.246936796701904,0.620839042532815,-0.448863843679538,0.381521218939772
"63","2",1.30229686520284,-0.0741079721537221,0.223940500682236,1.63844792685693,6.55648345216287,2.6650378413921,1.97737460947696,0.986111111111111,-0.732750966716818,0.497766443069347,0.365475018973505,0.623791646386832,-0.0593032962013577,0.303790437405846,-0.418571134071526,0.667957701231505,0.333646263646646,0.20531020994309,0.425821378098421,0.981227212009497,1.25779482159102,0.637971193329748,0.123279011356299,-9.27214246680927,0.379353311539244,0.00333677564818604,0.757033291024119,0.101477936583588,0.190205625898401,0.479867231889471
"64","2",1.56275623824341,0.0546709190681338,0.594465441750775,1.61796398456565,8.7640564602235,2.54230951425851,2.36322824930149,0.986111111111111,-0.739581432070988,0.343320013957796,-0.13499093184427,0.295979359864921,-0.425669599464758,0.403654185919629,-0.463128003150128,0.433893356808623,0.186426701011665,0.648627340615769,0.626901305755733,0.988611611902445,2.58475002481401,0.500045830129239,0.138850113268799,-12.7486735954635,0.108853483146455,0.0072532405397786,-0.244417456287122,0.907783465985001,-0.270320699318405,0.394762208721143
"65","2",1.30229686520284,0.146074942878237,0.636374956494144,1.65661790018083,7.16499629524934,2.60798333501707,2.2564380366068,0.986111111111111,-1.15492432500222,0.630453372962916,-0.294521294623834,0.486225888525194,-0.657817103979304,1.34379767704348,-0.776280733007498,1.77835634181984,0.277012710473132,0.609632286829186,0.752249047140406,0.980163499347891,0.615211699707147,0.500045830129239,0.121966952559651,-18.4720279408848,0.16103362931562,0.00835177236307154,0.971137741542589,0.242918237220746,-0.388366717533697,0.654855638590012
"66","2",1.30229686520284,-0.0741079721537221,0.163554336053112,1.59979401124176,10.7331129435987,2.61796774749395,2.23085406027276,0.986111111111111,-0.904070774814781,-0.553544788293747,0.325863582521394,0.356155105233545,-0.299699551578337,0.293540102753797,-0.583548808601441,0.660634946988277,0.195107895999905,0.203564398161326,0.558756440026059,0.967050696035784,1.71852846565561,0.735390910294898,0.436420565801579,-9.58251046307322,0.393642588110447,0.00362474354339687,2.34250652376237,0.221609265423058,-0.1356727509853,0.332418061193631
"67","2",1.56275623824341,0.123934079434834,0.557846050059607,1.63844792685693,6.96918606979972,2.56612560779787,2.18001254599508,0.986111111111111,-1.55244550958048,0.215356010675537,-0.374335638912297,0.393286308713681,-0.572418219263098,0.598008455279367,-0.586452156033845,0.64680695854595,0.562767988694012,0.565972962969237,0.68119323360652,0.988919577250666,8.608962216316,0.500045830129239,0.0843827242715619,-20.40706594302,0.146504261770524,0.00345441842230454,-0.256687266568783,-0.319710484153615,-0.472600098259504,0.466741660392226
"68","2",1.56275623824341,-0.0741079721537221,0.180536680073481,1.63844792685693,7.05934911581242,2.60435191238947,2.30789187145023,0.986111111111111,-1.28248097657632,0.435195521000921,-0.400286810599066,0.216905139994416,-0.578683246263757,0.456537205707715,-0.626391922642023,0.625124831718944,0.214069295677638,0.441482387052591,0.564632250999726,0.963766007772283,2.54248562622585,0.500045830129239,0.117825521779496,-21.0858011336951,0.111797180995639,0.00485037977736406,0.262340688705922,0.856886393979468,-0.463467455863094,0.299319660431137
"69","2",1.30229686520284,0.0249130536405557,0.488897965537955,1.58162403791787,7.14848258150598,2.59004618796189,2.29014717420194,0.986111111111111,-1.52601677074538,0.240837306625095,0.0310623253511638,0.229819321232673,-0.368028382467453,0.440455965973609,-0.516854198170727,0.587519778425207,0.243697965902111,0.457481722192992,0.968863684111071,0.996612459044641,1.76956170390875,0.500045830129239,0.347177045608913,-10.9304144547567,0.32364882891429,0.00748902478613501,-1.78388792385795,0.533808297439914,-0.20037392264079,0.362170403611372
"70","2",1.30229686520284,0.0249130536405557,0.470507544666091,1.58162403791787,9.25228934873319,2.57052010807365,2.28966914998083,0.986111111111111,-0.85408992227146,0.295528581962158,0.22257124411068,0.199194389435271,-0.0527979258509899,0.249679957964802,-0.223424200968289,0.338920805071345,0.0823379190429947,0.0867989379811289,0.138692860882152,0.96564968497158,2.38915306544295,0.578137271206077,0.197898531701702,-12.1310980753011,0.392878796432785,0.00193568166463835,0.726439284073167,-0.676942043292168,-0.00164660690773787,0.281872695508352
"71","2",1.56275623824341,0.0249130536405557,0.468076564830705,1.58162403791787,7.36963651520791,2.58363487241003,2.3135966403996,0.986111111111111,-0.921462838837008,0.446122730620906,0.0327046548454828,0.233062398298215,-0.26495381237928,0.421442169766529,-0.19192223987355,0.424346895979609,0.0602918085372765,0.343071316021961,0.328074945704369,0.998658510336263,3.04686716000381,0.500045830129239,0.199263879198239,-14.4995376335204,0.307595049143218,0.00851562680856909,-0.891259392253389,1.4545874852429,-0.202908159882599,0.410254286960384
"72","2",1.56275623824341,-0.0741079721537221,0.258639456238551,1.59979401124176,9.40179357167511,2.62286102027918,2.28281111872072,0.986111111111111,0.012386596801623,0.685058567024818,-0.167070952939735,0.199702856051167,-0.476377893345289,0.469966048032005,-0.496449949137187,0.443177752952031,0.0876080452901443,0.692537945644323,0.499812243931275,0.991635351296449,4.10476831685571,0.500045830129239,0.198486107623929,-15.6920959971424,0.11937272907675,0.0121527664880513,0.82189419391281,0.455463501180157,-0.289843938814507,0.308926929099579
"73","2",1.04183749216227,0.222955105229112,0.598749101989548,1.63844792685693,9.61490145877055,2.55846303829347,2.34347483440331,0.9875,0.2579813019983,0.999965211749364,0.449909081499923,0.258334320248581,-0.202129639636092,0.480628946863113,-0.426555328156409,0.765778474150952,0.370675392112926,0.322662507914936,0.638846176261841,0.956445786723896,0.523105194193301,0.873904140187852,0.441764270743909,-5.15139396776872,0.689573032013061,0.000535835848588135,2.79775655884747,0.852822673341694,0.0242457597022236,0.390331981375094
"74","2",1.56275623824341,0.0249130536405557,0.468076564830705,1.63613395788955,8.07548552214394,2.6078899730882,2.14459371357455,0.986111111111111,0.363812558067364,0.921691668641418,-0.360299482171087,0.547176398043818,-0.439457311316041,0.755145283713857,-0.327502068628951,0.709074529505019,0.344136630240363,0.613193938776784,0.394612874796117,0.97627846124423,0.970078952713865,0.500045830129239,0.222424561929665,-17.1738089257743,0.0484055580161077,0.010317094661516,0.817932435333271,0.147952613506627,-0.438369211654528,0.698533579923012
"75","2",1.56275623824341,0.0249130536405557,0.507822044180782,1.61796398456565,7.21426157895774,2.61619335317387,2.27491328918474,0.986111111111111,-0.872135835006161,0.398899374868231,0.0508303208113903,0.218434188877325,-0.360900848874181,0.501180491736894,-0.420311262484063,0.527836240116479,0.203349487343798,0.480536527049962,0.568301410655051,0.999223787809555,2.8743756982156,0.500045830129239,0.116958884360143,-11.9489483863195,0.233707302554602,0.00544634736090439,-0.168196747893111,0.752111764286188,-0.185936009092698,0.311423662705058
"76","2",1.04183749216227,0.0249130536405557,0.480485738919428,1.59979401124176,6.673468843694,2.63420366009479,2.25132487717192,0.986111111111111,-1.5750513468922,0.140953604887471,-0.0108566318942072,0.211343792374693,-0.507261331060412,0.539405904313316,-0.682507634302914,0.749972263057165,0.102383736262743,0.338844278722507,0.571091910830649,0.997754397958388,0.251235767500683,0.500045830129239,0.224378851109977,-14.8035520640664,0.30928154522885,0.00432376148041495,-1.17447715896117,1.39401571040147,-0.311311867352576,0.443802561847364
"77","2",1.04183749216227,-0.0741079721537221,0.210577351956112,1.58162403791787,6.57707393382673,2.66436846294967,1.98675023303582,0.986111111111111,-1.59221756116921,0.156328564201243,0.537658254741397,0.551307710651772,-0.302727873783459,0.235235656168887,-0.648926839356893,0.576257753193054,0.387310856631335,0.269606518968756,0.682567970068586,0.964969417790708,0.525068858192392,0.882500603998498,0.367933167531708,-4.9965021065705,0.677263582713851,0.00129144337117768,-2.52070827234921,0.820653810864144,0.0820725988997153,0.348616066136458
"78","2",1.56275623824341,0.095768357989817,0.608572782931428,1.59979401124176,6.59716894438085,2.59504118674874,2.26551801593624,0.986111111111111,-1.72529870318045,0.334551939854789,0.0428255674112649,0.248741327942443,-0.43623860002899,0.390626745464289,-0.517504214500544,0.51932139308343,0.0707316942604849,0.393828495015743,0.408929103402198,0.99957497320321,7.87033400968048,0.500045830129239,0.18591275941464,-14.5100981883409,0.305254943004454,0.00450756889406561,-0.994204557874309,1.36965805736461,-0.263832391917424,0.347554917167899
"79","2",1.56275623824341,-0.0741079721537221,0.210577351956112,1.61796398456565,7.08743676123093,2.61739616590107,2.32115864447721,0.986111111111111,-0.99219167126169,0.138031171827793,0.0279522933329638,0.22944100975116,-0.370020229775204,0.295414765444965,-0.557381824839892,0.426725793332465,0.116172521747805,0.410365461708306,0.66223966866961,0.989993205285109,5.24803392951507,0.500045830129239,0.104945444285023,-12.9031640269087,0.138335792151578,0.00838647952332666,-0.064942573872334,1.11089277435599,-0.141996119603802,0.335287312179348
"80","2",1.56275623824341,0.123934079434834,0.546518429675478,1.61796398456565,7.73882516028755,2.60367445884574,2.23135036352918,0.986111111111111,-0.390848937882158,0.296480781294737,-0.0668818072606948,0.338564275346187,-0.185376845883093,0.317716252439029,-0.457566340640147,0.497478151869538,0.242350759271413,0.207571084037797,0.384129102658141,0.988830438395928,0.487876570003233,0.500045830129239,0.144007972447455,-13.3330466769052,0.137840682129969,0.00923357084253441,0.274339526601425,0.992734256559876,-0.149252245448839,0.457702002170259
"81","2",1.30229686520284,0.0249130536405557,0.50277552038702,1.62027795353304,6.91938759394268,2.61965561904774,2.20804998866724,0.986111111111111,-1.47466601661456,0.423876059814095,0.287472901259278,0.48887397117383,-0.0636540412738828,0.243269954242312,-0.54626340075898,0.57068318557637,0.300361679915235,0.119975733407468,0.371081564309948,0.965989241645956,2.43982730572585,0.510889399574012,0.0917120900327857,-10.6230055607072,0.277866887426228,0.00294799421481946,0.0237670571354431,0.182588247382143,0.133466133877181,0.349039872640814
"82","2",1.56275623824341,0.103385359973992,0.557266034443227,1.58162403791787,8.8510856603039,2.55450517085306,2.33650444087223,0.986111111111111,-0.16565696244893,0.737694637835276,0.0977256840272271,0.223044498532082,-0.286663923789644,0.363081445567707,-0.479554025271737,0.584947472674989,0.129790816373675,0.195050192509841,0.706527342745239,0.999504554476541,3.49030764950674,0.500045830129239,0.109014936040656,-11.4787056607954,0.256698052528946,0.0081913156633318,-0.175465154608456,-1.22094588163084,-0.0367726017490669,0.335582176819703
"83","2",1.30229686520284,0.215338103244937,0.640650239948189,1.62027795353304,9.85984553376642,2.49226006956797,2.44141138508983,0.986111111111111,-1.0775433450816,0.564717841134163,0.261480823645489,0.529952425849237,-0.102381699479112,0.488389182746726,-0.325358793967507,0.474386526715122,0.252795287836825,0.410381897028427,0.427781195830231,0.980911309912007,4.48198097907555,0.518995814376994,0.19547993342449,-8.42360520086972,0.301956505067978,0.00374430623749427,1.48646827556052,-1.17155748027052,0.104830205100424,0.601284276044762
"84","2",1.30229686520284,0.0249130536405557,0.478150360770207,1.59979401124176,7.0393746025247,2.64168308123851,2.13786947226658,0.986111111111111,-0.418090313149698,0.848451511178102,-0.290192129796631,0.343097957054483,-0.559173221927097,0.6451894265633,-0.658611386898694,0.754723514340237,0.349706088982287,0.75180953931656,1.01476161416793,0.993930932424988,3.99437156722842,0.500045830129239,0.0916895907805239,-16.6988026259035,0.0950879050760308,0.0113390328774505,-0.196770661648045,0.271090292814787,-0.351717695382779,0.425109966928126
"85","2",1.56275623824341,0.0546709190681338,0.600555781739297,1.61796398456565,7.77865877331086,2.57940432229095,2.30474625992557,0.986111111111111,-1.22207343799863,0.016867201906122,-0.177680165539415,0.216694184669437,-0.384049126521607,0.472877826335203,-0.559326801532865,0.645315594413802,0.150135532615598,0.296979990752401,0.515056684006737,0.988869247321113,2.6182006673329,0.500045830129239,0.152372522237652,-16.031775407521,0.125766839558255,0.00654610617911069,0.601992362997703,0.765677521129312,-0.256197866202354,0.343116002845557
"86","2",1.56275623824341,0.116317077450659,0.6230036408351,1.61796398456565,6.8180741721741,2.57719454552267,2.35694269954915,0.986111111111111,-1.87602941927446,0.0105759081071392,0.0687157263773699,0.275349309329645,-0.482555511090119,0.449485830718909,-0.566926891484474,0.618174841246868,0.172671298660951,0.337363665143489,0.607018703417615,0.998388850153145,3.48652779374988,0.509398550569626,0.225190331862845,-14.4392494773064,0.38900460457869,0.00199647990194224,1.59282508065616,0.927561516046167,-0.306553867272246,0.252551463766036
"87","2",1.56275623824341,0.222955105229112,0.62421705544591,1.65430393121344,7.40996474539438,2.61320478694074,2.28612691386732,0.986111111111111,-1.65894621831471,0.387803130242737,-0.0118423495596008,0.153391151345192,-0.472835423029079,0.400808758307624,-0.631001209537189,0.623171202617067,0.126743234531656,0.359825505612589,0.951664275687048,0.995921742965782,5.80123003046188,0.500045830129239,0.165364514148128,-11.9143658764617,0.299589546576827,0.00403655128317258,-1.18262684122938,0.440633821700007,-0.229872809319079,0.203543058748526
"88","2",1.56275623824341,0.123934079434834,0.546303873359763,1.63613395788955,9.04326997405061,2.58139934128862,2.29627717512641,0.986111111111111,-0.897588830908612,0.593392901289458,0.19650344259046,0.316331497346644,-0.319185581684529,0.352575359192364,-0.545646415749501,0.435672242906222,0.170971181209817,0.304643719569676,0.844207957672049,0.996944478338636,1.09730916508716,0.668585789535221,0.493826865168082,-9.43169852780161,0.475976736172723,0.00731109531231592,2.4288108370893,0.914831628637611,-0.13771855008497,0.528068725459675
"89","2",1.30229686520284,0.123934079434834,0.570589096276798,1.60210798020915,6.14857200718506,2.63242631640799,2.12577232234035,0.986111111111111,-1.38250724418164,0.200032561512594,0.439944314869987,0.621024257526326,-0.203519058617626,0.301273622634959,-0.383969739528588,0.519465224011982,0.389001571232667,0.172411490096727,0.521924880265498,0.964040290478455,3.91088286430375,0.754405389086027,0.148119417226584,-7.5230484490178,0.492709190953187,0.00188940519842681,0.394930689477317,1.85684645402495,0.00393027980036675,0.286299091711132
"90","2",1.30229686520284,0.153691944862412,0.634857832295005,1.61796398456565,7.52023379753591,2.60332154433201,2.2993495181787,0.986111111111111,-1.06217179693576,0.705422430393533,-0.0132928061541848,0.238193622981931,-0.439376871757353,0.42880342644066,-0.630180429765849,0.68046078643108,0.0819822546316659,0.304692286644169,0.461348467312712,0.998850131732205,3.69212237016214,0.500045830129239,0.134842861512946,-14.5491532205023,0.126129068869631,0.00446827995656455,0.708511772798402,0.899031177188007,-0.217415656955811,0.333501141081837
"91","2",1.56275623824341,0.0402215138362596,0.602865967520621,1.61796398456565,6.76893574316457,2.59045646116607,2.31789657963779,0.986111111111111,-1.41424987696,0.318421933866435,0.147732604990133,0.308103153423226,-0.378478112705263,0.328497807742806,-0.446486099277665,0.495010028596072,0.134515891418161,0.258565889382799,0.383225321227666,0.999643982561293,2.6817052519531,0.522794098499828,0.140542744991606,-13.2036973058221,0.336572002857524,0.00349872863047799,0.832550336225773,1.32573973324227,-0.26106201880072,0.189894827878137
"92","2",1.56275623824341,-0.0741079721537221,0.210577351956112,1.60210798020915,7.97545972521267,2.56304058536881,2.33600100043197,0.986111111111111,-0.826760576793545,0.460583056544805,0.0377105452068368,0.417995722547887,-0.778462477975798,1.72277964967647,-0.842028677642544,1.8457312716126,0.320634596265581,0.712779355677656,0.90034239508145,0.997474542836817,5.31947214211245,0.597724368197972,0.380102338306188,-15.5572137500674,0.46172823637237,0.00287106478575422,1.95338074925437,1.15265382469121,-0.682410107361377,1.43158979508347
"93","2",1.30229686520284,-0.0741079721537221,0.223940500682236,1.61796398456565,7.30427411983297,2.6224008141675,2.18346781687856,0.986111111111111,-0.517967301275142,0.761221382546413,0.0702295267418827,0.463489094992024,-0.309746427887823,0.724258886563839,-0.405312352839919,0.7810308444642,0.325355992583442,0.552316791627958,0.912918013375002,0.999712388924669,1.0282271875747,0.500045830129239,0.279501867057925,-11.4296440867607,0.236283265784741,0.00850003420275926,1.08283621097334,1.09533985573638,-0.160769609381739,0.643520419511683
"94","2",1.56275623824341,0.0546709190681338,0.608082530068005,1.58162403791787,8.08924053544121,2.59892245282324,2.28315166532961,0.986111111111111,-0.666858982967584,0.677286861315604,-0.291083146142993,0.179042539909426,-0.515054713069165,0.368942204311949,-0.442057282653387,0.326350527952198,0.15541466001585,0.504414511211298,0.325416573482146,0.985190435342979,2.23781002231244,0.500045830129239,0.2804270695099,-19.258006847827,0.134070502120958,0.00567618249796256,-1.11730722290647,0.720485763444541,-0.515448804125497,0.345612419674884
"95","2",1.30229686520284,0.20240638576827,0.615227326352275,1.59979401124176,7.70347788907184,2.63781451922222,2.17113395929751,0.986111111111111,0.599385381998095,0.982419652807081,0.167849443393017,0.186784884014496,-0.496578284696753,0.549897441029535,-0.615508603489494,0.772210228349738,0.0538614415251085,0.29683424415592,0.576816812710833,0.998812007426966,6.56597039823338,0.538056906830686,0.179435504359545,-9.27100809385005,0.441801400576135,0.00485469742179343,-0.722471432509314,1.58990224965907,-0.295909287982956,0.329532518370227
"96","2",1.30229686520284,0.123934079434834,0.546560100334731,1.58162403791787,7.91999155089759,2.58495377812916,2.30066910805906,0.986111111111111,-1.29337614480053,0.67659810076424,-0.277996030427613,0.247333929989103,-0.543010948014621,0.422064074312609,-0.524418884802097,0.43595469220631,0.182491867510642,0.455384989391781,0.378994051130329,0.983090881184332,2.00005143893931,0.500045830129239,0.221449154071953,-20.6534503968702,0.234738732379356,0.00466130748570197,0.785577574923889,1.33181070221269,-0.538123192620392,0.397019831463616
"97","2",1.56275623824341,0.0249130536405557,0.468076564830705,1.61796398456565,7.81709436552755,2.59562351636172,2.22678002781992,0.986111111111111,-1.11302549147303,0.272539585608758,-0.192943891002912,0.319499162415547,-0.502750677540332,0.523110802542921,-0.565485197775098,0.498000177815069,0.172614064630758,0.534495532317421,0.576186916728551,0.98808607792584,3.3431759125475,0.500045830129239,0.186521459002573,-16.5813029761261,0.237636007553213,0.00646380531251909,0.50659614422712,1.3408934305781,-0.503766015410621,0.607740896799887
"98","2",1.04183749216227,0.0249130536405557,0.479163258278156,1.59979401124176,6.62703871604557,2.6140352063012,2.19327702232383,0.986111111111111,-1.36590681810859,0.128746765823443,-0.282381117687388,0.380944740880011,-0.737253428299221,0.903859461521559,-0.801744755919057,1.01784318157432,0.305945046627454,0.76111325228387,1.22029443219703,0.971424066672573,2.49965835262229,0.500045830129239,0.153165782076521,-20.5097804687543,0.332973223450331,0.00508901292969113,0.124101666577927,1.76537669531949,-0.705793488001513,0.789872498333564
"99","2",1.30229686520284,-0.0741079721537221,0.247891851470803,1.58162403791787,8.71151987280629,2.60698271319087,2.15849546357004,0.986111111111111,-0.625735356211625,0.683182709933422,-0.341420870956808,0.498787383121574,-0.520945521601121,0.654926014073405,-0.613906950046808,0.74108984839376,0.298502059892907,0.410008192907557,0.508448942114395,0.977060519840158,0.221978480566784,0.500045830129239,0.163879210306081,-18.0622793512377,0.15591534376445,0.00857404343191763,1.14709465008138,-0.237791896160492,-0.401903885782751,0.517607875907409
"100","2",1.56275623824341,0.0249130536405557,0.466608184070363,1.59979401124176,8.73286447805169,2.52745713720879,2.32262869939402,0.986111111111111,-1.21178598787965,0.341548113513262,-0.0473400971199639,0.360460502735156,-0.443467223406911,0.516638813202333,-0.581330809756034,0.654442056939844,0.208255808829101,0.411769911660961,0.41802265377861,0.998161859322977,0.470883692192677,0.500045830129239,0.0752242327765238,-15.8224591020486,0.0897327379779649,0.00503126250629807,0.0860729695142629,0.590921957947628,-0.161680192098502,0.386937815177894
"101","3",1.04183749216227,0.0249130536405557,0.478150360770207,1.61796398456565,6.99097488669087,2.54880826197206,2.32852708317641,0.986111111111111,-1.70755119402669,-0.137018983197684,0.204880349747367,0.30904897881852,-0.228035467435671,0.728344206163811,-0.343741608186787,0.667367014277464,0.293754182824308,0.643633184978385,1.16792773866536,0.991492323023895,0.174173773196261,0.598876977130095,0.413701557001396,-9.25823942653717,0.342368549072096,0.00419594156698789,2.07866713145203,0.544207196670364,-0.0830603479916408,0.689541062771606
"102","3",1.30229686520284,0.0249130536405557,0.50186316466064,1.61796398456565,6.21684571697559,2.56717303915168,2.29113031548668,0.986111111111111,-1.73742151380378,-0.245172376256003,0.294888324011765,0.268403609902023,-0.25299840122681,0.371986766240732,-0.469471019956183,0.602225359918581,0.150713591532695,0.4845003308299,0.741793779593193,0.995874181429008,4.41301738907364,0.651149062440524,0.346889666310481,-8.80944656886837,0.349317023523094,0.00307525115348998,1.97723867068969,0.250712116602039,0.0242340346633468,0.345668726769255
"103","3",1.04183749216227,-0.0741079721537221,0.210577351956112,1.61796398456565,5.68676022464762,2.64982204523077,2.14113653224521,0.986111111111111,-0.505888366767822,-0.565464054814535,0.131391565703943,0.255828971785864,-0.698511104538449,0.951603624965422,-0.762760280727178,1.07956421017392,0.166919609687382,0.819755698830492,0.747042496110813,0.995403071321717,1.12320637471618,0.658453778170318,0.478144707126024,-12.4629871713349,0.482798634896992,0.00213917843644605,2.49761907046517,0.231197902215622,-0.550812073937727,0.678374516229943
"104","3",1.30229686520284,0.103385359973992,0.565956729827927,1.59979401124176,5.66949911540549,2.64117408079208,2.1211895497259,0.986111111111111,-1.46618107797508,-0.464669480464565,0.280437544194484,0.319151684982077,-0.370077038709839,0.362421067402045,-0.605865993135989,0.674363022664552,0.123453174657637,0.30722782847105,0.497636215568867,0.989242618387413,4.89443046440308,0.705464851236342,0.360839950799907,-10.7429997326306,0.464970443991753,0.00196163929317129,1.98211697947296,0.550055859457224,-0.136850403472876,0.290539191537853
"105","3",1.56275623824341,0.0249130536405557,0.470507544666091,1.58162403791787,5.83553013584531,2.62294335305395,2.08177317940383,0.986111111111111,-1.29102885127328,-0.498467205800722,0.217673779514285,0.533350333817384,-0.317726421573525,0.389827252628452,-0.48242446864896,0.304889689276655,0.210322685413006,0.751179817624269,0.750040348996165,0.993956080638311,0.138461881160218,0.678666036520869,0.51054474676242,-9.92109766538406,0.407557153390931,0.00347035418293627,2.1822062034479,0.0709818072087381,-0.150455897890586,0.618029385093796
"106","3",1.56275623824341,0.123934079434834,0.570589096276798,1.58162403791787,6.60954752013137,2.55136020132477,2.22605455384473,0.986111111111111,-1.53107314699179,-0.165443834352584,-0.066402487749462,0.416936034747964,-0.794385065494306,1.34704560484451,-0.87645651051366,1.64153292735016,0.381930719444531,0.91771422507917,1.29957706010312,0.995291210847547,1.32668852213201,0.548204458624132,0.406234946568821,-17.5586051593643,0.400508157891111,0.00298517703919088,2.01065759749962,0.755756948350575,-0.587370289207939,0.826739619451652
"107","3",1.04183749216227,-0.0741079721537221,0.236349674770959,1.61796398456565,6.32429757741798,2.58464414968971,2.30548996459033,0.986111111111111,-1.70363814151953,-0.061108521101908,0.457448722163235,0.503388192487303,-0.205880209102812,0.454125364221076,-0.395204005937837,0.469660406158508,0.271634562272178,0.524042231493602,0.943077752441057,0.94946766799128,0.056841037557536,0.827965590298568,0.462724395544016,-5.95442390628027,0.562462280987638,0.00181947518131408,2.38383203158577,0.84764692057122,-0.0174640779139997,0.50290427937775
"108","3",1.56275623824341,0.103385359973992,0.578607934661107,1.59979401124176,5.2868657435063,2.65283000309583,2.14971802333927,0.986111111111111,-1.45796877982822,-0.47462855609527,-0.0476739839317082,0.0679105453120579,-0.476632143896067,0.342321889578061,-0.615221102728065,0.524056945885292,0.0482419537697415,0.597289137153115,1.07453168009831,0.999638048061291,2.91597678360811,0.500045830129239,0.348326463300712,-13.4899186585527,0.229532053568986,0.00435638681340434,1.73089395867887,-0.0119234154780642,-0.241811096508766,0.168581088068525
"109","3",1.30229686520284,0.123934079434834,0.574654766121776,1.62027795353304,6.7947024164362,2.56347271862411,2.22473216580671,0.9875,-1.631168692972,-0.237810590153658,0.559395391279234,0.649963621414537,-0.14140895647757,0.230534113367045,-0.568916990986503,0.724271285585489,0.456589969371009,0.136729755615181,0.534002542460783,0.937081020341846,1.17427891161444,0.855986579006737,0.224149061930782,-6.01508570331755,0.57033127156691,0.000978262332869653,1.31902234189077,1.76528100646641,0.204964351832724,0.606257359662799
"110","3",1.30229686520284,0.478920743690262,0.70169256680302,1.65661790018083,5.59352038505862,2.61877372468561,2.07708136249061,0.986111111111111,0.142121444859904,-1.29530570217077,0.171308325275273,0.410065620636045,-0.188976463155635,0.654851226457526,-0.338272941392863,0.687677180963102,0.297932673594058,0.509979183590881,1.21023523803276,0.988026350035481,3.03970412285013,0.500045830129239,0.159658834215696,-10.0365833274882,0.252303143414034,0.00735298195548402,0.24215621935504,1.45481545275382,-0.053818649217113,0.670920534749991
"111","3",1.56275623824341,0.123934079434834,0.582757176188808,1.59979401124176,5.45363281277759,2.65336770541508,2.05600183999178,0.986111111111111,-1.00518679849321,-0.559073438337583,0.0764173302303158,0.358552664217046,-0.301892348187155,0.435222682242131,-0.417374896894077,0.275939181124316,0.140981780640579,0.703189715123992,0.58463932221862,0.992502097818187,5.48304846493055,0.500045830129239,0.377267539893192,-12.468583584344,0.242401479805651,0.00692978669443626,1.52031199416524,0.624628955964691,-0.167631881358383,0.552750038629091
"112","3",1.30229686520284,0.161308946846587,0.640714950372958,1.58162403791787,5.4730380627918,2.63906388744208,2.11663830743605,0.986111111111111,-0.300666161844843,-0.993052305644537,-0.167943412441256,0.430922715365132,-0.403639820790121,0.860840958135972,-0.488307240096738,0.944214262127147,0.309353806199418,0.869816288424755,0.818790123714292,0.989645289433775,0.336857945778412,0.500045830129239,0.404356135360763,-14.9908535880133,0.155934106196421,0.0105449641829666,1.33425246005588,0.390542927802095,-0.311999436173774,0.692760430999985
"113","3",1.56275623824341,0.0249130536405557,0.486644215417608,1.59979401124176,6.38735577351334,2.59141906546108,2.15056841100633,0.986111111111111,-1.11613375939891,-0.5849668561691,0.0855167433187812,0.664331256978349,-0.726360068429834,1.15230708513571,-0.772442603608358,1.24676571842419,0.558535628212454,0.642117703608381,0.836643613701855,0.992943067304629,0.153627927218367,0.650281424072777,0.421199355653357,-15.2949026948027,0.461839065424681,0.00160538089381851,2.18190823675459,0.74284600724138,-0.590801511893806,0.841019262440567
"114","3",1.30229686520284,0.20240638576827,0.625070677858476,1.61796398456565,6.01482230548749,2.60180543148727,2.07683057929853,0.986111111111111,-0.916049288026007,-0.832200665794993,0.149481046913182,0.731223485011027,-0.741114995287783,1.27456225406401,-0.897693099541783,1.74459253596895,0.50229517463903,0.649701822190007,1.17304018517428,0.988034517178175,2.03826167396854,0.652629639053361,0.20723101300757,-13.5465186210828,0.558312722655468,0.00129487771976861,0.684965370506615,1.99959946777774,-0.608737288680644,0.927423160365087
"115","3",1.30229686520284,0.338802278974302,0.685372210551095,1.63613395788955,5.5316459699572,2.6375232929904,2.10169440067476,0.986111111111111,-1.19248449528374,-0.618693590123186,0.534098520930985,0.55970366212167,0.274329613173762,0.743384083364351,-0.0623326488002818,0.430491545126271,0.418969362171846,0.650471211700155,0.373817308709044,0.929080434595083,0.652480216752702,0.873244424649454,0.39909396974888,-7.86703105094199,0.523153278431671,0.00192112688434756,2.41904370373771,0.115720877804128,0.340881755051865,0.962427140939671
"116","3",1.30229686520284,-0.00325266780446087,0.568509628669074,1.63613395788955,6.0209743734496,2.61143972675983,2.21750714205737,0.986111111111111,-1.4274983232908,-0.260309394478333,-0.267147331143639,0.318090427058741,-0.811956372430154,0.928668493138734,-0.853948705549741,1.09172506031948,0.310426356731563,1.22053394154502,1.61052960768989,0.979409644111067,6.4831199106663,0.500045830129239,0.476423202921048,-20.1500719655734,0.313178073151293,0.00529540067667909,2.03085673241682,0.189910593819318,-0.722239507282509,0.69083105227215
"117","3",1.30229686520284,-0.0741079721537221,0.258639456238551,1.61796398456565,5.54025797602336,2.6300939334198,2.19933310618441,0.986111111111111,-1.3090513795664,-0.601412505300105,-0.117458613044216,0.232740285533995,-0.59669153917667,0.698149908321472,-0.692943029965876,0.934149268104339,0.100705379392647,0.461595280460451,0.665240879182486,0.986115142521348,1.19198153538838,0.500045830129239,0.433541723725544,-17.7815313889625,0.316490593366052,0.00263207564441299,1.91142565194884,0.529910853823421,-0.454998486364135,0.47063906635397
"118","3",1.56275623824341,0.0249130536405557,0.512789800220771,1.58162403791787,6.72065691095209,2.54068471996741,2.20951387268986,0.986111111111111,-1.70780320387699,-0.320301011974016,0.400558915925539,0.68742745232143,-0.285301109321756,0.356612473355195,-0.459735560589759,0.516864424751355,0.362902619137852,0.114078794088251,0.370910006781222,0.970465333810768,0.345299524086423,0.765077831228435,0.167913521971001,-8.73973941953407,0.543550953192399,0.00180468958267438,0.643081012556319,2.03611665612562,-0.0476728116085421,0.319568679495239
"119","3",1.56275623824341,0.095768357989817,0.57370500640777,1.59979401124176,5.60856522795948,2.63351912710381,2.11626534334472,0.986111111111111,-1.32731735398337,-0.496754233255543,0.0105799107823631,0.27855333518011,-0.502778858172798,0.450874151035619,-0.541998207301225,0.479503791338266,0.0902162454137708,0.590322909341156,0.474464113457732,0.99929470919991,0.769363513328564,0.56205282536076,0.448126309920654,-15.6940454401385,0.351117101838724,0.00523512750228739,2.04045888654531,0.643172395356799,-0.367911139082407,0.344610198752413
"120","3",1.30229686520284,0.0249130536405557,0.488897965537955,1.60210798020915,5.70222620045779,2.61701180244676,2.09851606047246,0.986111111111111,-0.645343998285428,-0.809843555925548,0.174618244171623,0.565729849497021,-0.564278559773318,0.629501066134527,-0.634469711492719,0.586691923919209,0.459547615810934,0.763448192905628,1.14246502421139,0.998064351839444,2.54415571881529,0.674613553715142,0.465115199861604,-11.9954633542495,0.479953867348361,0.00348853558547912,1.82994431972163,0.689325670929891,-0.464304991160704,0.570230296017083
"121","3",1.30229686520284,-0.0741079721537221,0.236349674770959,1.61796398456565,6.13816491370095,2.60412864844199,2.18610988411648,0.986111111111111,-1.03431696757147,-0.515651603094996,0.279537704939306,0.385965489216073,-0.464581951250309,0.905077380458262,-0.628463864398214,1.30623961447639,0.287862247661818,0.649656840720819,0.937556944085479,0.990237529223793,5.31352013513915,0.690160263676309,0.313265064607148,-8.28018178939379,0.505916933101127,0.00153968444402888,2.19623194689673,0.173104323256286,-0.136657180094838,0.568440778711765
"122","3",1.30229686520284,-0.0741079721537221,0.236349674770959,1.59979401124176,5.55423994961187,2.64646503573411,2.1066557328541,0.986111111111111,0.835968183878173,-1.06489385444012,0.235312932801279,0.285146192663096,-0.478363492259927,0.316589258896813,-0.607980743973637,0.500605131228227,0.0994367794861466,0.566165458434152,0.965928995493859,0.977776976410449,0.914645428624635,0.708672559260742,0.472628448427252,-9.92965915689836,0.454899713868332,0.01228617154596,2.37604831403782,0.372357574258936,-0.226942059086414,0.134662745379328
"123","3",1.56275623824341,-0.0741079721537221,0.236349674770959,1.59979401124176,5.08708533874976,2.67318108530145,2.00274695657306,0.986111111111111,-1.41480774728257,-0.408119550181478,-0.0865719057193929,0.236970222801028,-0.498928895153031,0.445309966441584,-0.641638730822038,0.61324738004494,0.169900417448475,0.495268419700423,1.08541094601827,0.996766570255346,0.838146712781746,0.500045830129239,0.232589866531052,-14.9454724033967,0.240191125533963,0.00183108654705428,0.752308021163323,1.12626855489234,-0.308672486104565,0.336335742271089
"124","3",1.04183749216227,0.123934079434834,0.580527038725371,1.59412503785561,5.71553664529536,2.635073548974,1.96407280952284,0.9875,-0.652945023706789,-0.755451655268351,0.451784856427036,0.840610782766803,-0.27655991003201,0.367928689171822,-0.515959771668925,0.527566796830184,0.352335067402562,0.242827874549959,0.98265423527497,0.962696386699947,2.79332809776798,0.811259696415552,0.188863686441894,-6.96320292997107,0.558921235861178,0.00360006192769519,0.68338506799332,1.8927996841303,-0.0190577354894993,0.298325867718522
"125","3",1.04183749216227,0.359350998435143,0.683923651950733,1.61796398456565,7.40957467698053,2.5342766308102,2.34066724122829,0.986111111111111,-1.90314129282832,0.222537453826353,0.51673809670681,0.614116950919304,-0.483450702281315,0.494892663449719,-0.737368272767458,0.950821147669851,0.383369046935593,0.521508431579874,0.964251677699885,0.957202509848194,0.57360172392822,0.867769656875136,0.464456897983786,-5.41672030084926,0.665116567101988,0.00207015023292385,2.67655570086354,0.750261087090299,-0.145843025769805,0.346502651052421
"126","3",1.04183749216227,0.0249130536405557,0.470507544666091,1.61796398456565,6.73895668625516,2.58646366203387,2.19185234068051,0.986111111111111,-1.63112931159658,-0.0532149114788903,0.438409820041908,0.88329006006957,-0.661931310375492,0.933074489241726,-0.775155756969821,1.15577892704475,0.487283029130347,0.671219472802786,1.12159185999675,0.978442650445012,0.798912365317158,0.837428144928916,0.524653584259233,-6.45404971999324,0.679828606751377,0.00113838105672922,2.74041057920116,0.547878195738944,-0.513004711336786,0.68510177752263
"127","3",1.30229686520284,0.123934079434834,0.593414188716316,1.59979401124176,5.40422169550487,2.62297482714095,2.19134214894508,0.986111111111111,-0.488547309323812,-1.07332912586955,0.157907300511404,0.223306306844171,-0.365441243251319,0.399623581540432,-0.55604004357407,0.500841255045836,0.150913250726686,0.369684284355565,0.928372141643773,0.985794998564217,3.6796367947754,0.561045447866711,0.296290005439998,-11.6824477017835,0.303909532858901,0.00401764723974619,1.05912682353181,0.826181750489668,-0.123921298458171,0.258526278614477
"128","3",1.56275623824341,0.123934079434834,0.558237257257779,1.61796398456565,5.50780340068572,2.6369067635779,2.14737854084999,0.986111111111111,0.305755271920938,-1.02847459828706,0.0474318948763673,0.238641367172599,-0.672843976294143,1.04327215372175,-0.706485277684713,1.14801050924323,0.132291073030788,0.580619974656668,0.601820688539014,0.997742633319549,2.25002805968977,0.583475080737468,0.44253503708707,-14.0554944899001,0.396521066191382,0.00248595477800406,2.39005838624217,-0.479075769924392,-0.541135711856729,0.737796799939942
"129","3",1.56275623824341,0.0249130536405557,0.494780392183928,1.59979401124176,5.54760963262163,2.64612728671509,2.12493905048643,0.986111111111111,-0.96244262766631,-0.575421066475304,0.0957257704910186,0.213933816627538,-0.395709165036712,0.426020267952814,-0.559977704326183,0.590820467683705,0.0551122448006392,0.410460475349377,0.930764479028314,0.999534122771762,1.20683813550261,0.500045830129239,0.15790744155866,-12.0990419384429,0.266762514042596,0.00409549668827644,0.836369555287515,1.25126242674469,-0.145688207942519,0.315471335048801
"130","3",1.30229686520284,0.123934079434834,0.580316637109849,1.63613395788955,5.37641585915533,2.63811094221076,2.13799302834926,0.986111111111111,-1.03120640725234,-0.785197828091426,0.20628969024384,0.340669694711709,-0.226146759391527,0.542570753228756,-0.479601270993687,1.06469951800613,0.229230526312928,0.42856579283903,0.712438565171667,0.985636600744624,5.9036369964111,0.527185392231482,0.165008400449419,-11.7386895275246,0.354085832949609,0.00315118275435203,1.16651933465095,0.595378864534374,0.016544135759432,0.405470402392751
"131","3",1.30229686520284,0.123934079434834,0.590299038636258,1.61796398456565,6.31468842707106,2.5975740951201,2.25292861851851,0.986111111111111,-1.73513497528039,-0.146378362536476,0.173369007319846,0.351061866817626,-0.658762460324843,1.15666615237244,-0.808503230244997,1.53917170874338,0.355224735670901,0.892920589143911,1.27358124223645,0.988623630756083,0.587142220999593,0.64515462328503,0.356686469089845,-10.8221408964691,0.46846647795324,0.00257623266453544,1.99705198228412,0.337430933607313,-0.333193253882221,0.664349836262828
"132","3",1.56275623824341,0.103385359973992,0.592878877744389,1.59979401124176,5.83833086506594,2.62990371321118,1.99938269052497,0.986111111111111,-1.40539667270133,-0.485576126561332,0.286477981486024,0.497364455627614,-0.369936901092848,0.384661244527175,-0.529980337060776,0.533765276821614,0.159645209190996,0.517318845272929,0.990689324424344,0.983073887384685,1.5279796994648,0.706590444361762,0.410188757956718,-9.34160838619095,0.430700320638782,0.00315748483300849,1.88584474599684,0.729131474137243,-0.161601643830343,0.335262410811051
"133","3",1.30229686520284,0.0249130536405557,0.467221880518089,1.59979401124176,5.55862868148971,2.61954482242888,2.06811477402871,0.986111111111111,0.199844278862785,-1.1924177415096,-0.118016488804362,0.317921254764705,-0.546077915185191,0.879572239507453,-0.656504833091324,1.09296490127619,0.118892404110719,0.760033830761579,1.14303974474811,0.998156573621915,0.271740968341892,0.500045830129239,0.213017386734058,-15.425548297974,0.251777840283911,0.009011567608515,0.634823320119084,1.26142494377036,-0.413702596633456,0.660114398685944
"134","3",1.56275623824341,0.095768357989817,0.625070677858476,1.61796398456565,6.01989577551535,2.61463194682931,2.13023019158509,0.986111111111111,-1.70535649761138,-0.360399733512211,0.0047280283230609,0.463326489086714,-0.447278073647498,0.857427055006225,-0.4859555845867,0.789051880264927,0.279972126613307,0.901892033116891,0.877856167492886,0.999833367856009,0.825882649760231,0.507901527343024,0.466329190098475,-13.5464029302411,0.284798482335847,0.00435733027644546,1.82007146621268,0.47704870738213,-0.328462412170065,0.777024653676002
"135","3",1.04183749216227,0.0249130536405557,0.504675679789915,1.59979401124176,6.417504152558,2.59013379187768,2.25102641306399,0.986111111111111,-1.39309725982991,-0.438528488309232,0.217833583921213,0.533919215361194,-0.679710546158293,0.572082370564119,-0.727453168740902,0.657986227544146,0.437539695293295,0.95026636144889,1.07904706778905,0.985143120230546,1.02113031845969,0.767890396365449,0.593137541677363,-9.91110297465089,0.629578400188351,0.00169254286732681,2.86903416768041,-0.349562114861193,-0.639533021365631,0.573876081641333
"136","3",1.30229686520284,0.095768357989817,0.600555781739297,1.59979401124176,5.75181771675501,2.60667074988148,2.20378375045751,0.986111111111111,-1.21054964195102,-0.589879218745764,0.0326367559791055,0.436009342964641,-0.784391407997718,0.839212991195081,-0.822590926681969,0.948039041903495,0.343655473662715,0.959191497995566,1.20722233839578,0.989559018779596,2.78704749783047,0.63951710284224,0.543709593904701,-14.8986133408174,0.474876832888576,0.0021329810202812,2.41734633688283,-0.0106930125483307,-0.709783007096186,0.646248530926198
"137","3",1.56275623824341,0.153691944862412,0.66753005025384,1.58162403791787,6.94080972442465,2.49207724647398,2.28334892147659,0.986111111111111,-1.60665893917755,-0.534136899121169,0.161390802956683,0.556110674700543,-0.0726399305904294,0.65233882048305,-0.270836647729576,0.470627685652223,0.416384933264769,0.427294690223365,0.493654201560101,0.98434783256259,0.127749164949468,0.500045830129239,0.197410013249925,-11.114616459314,0.181991863407424,0.00279727329784809,1.05528301696137,0.867487366906994,0.0284876879510157,0.88991939361032
"138","3",1.30229686520284,0.20240638576827,0.609083692768583,1.59979401124176,6.42872341436717,2.57321296839358,2.26371446043747,0.986111111111111,-1.69582733376872,-0.23972294213404,0.477079807436749,0.648623415755966,-0.37204010592314,0.587086253654046,-0.696326365804771,1.03741715254518,0.355032786436012,0.509058944841044,0.674162917694502,0.953802457733584,0.30882100947337,0.862271399308866,0.445280922290595,-7.14301506231895,0.627486860899837,0.000885178549573281,2.51622616487858,0.297738511688338,-0.0169872286505582,0.514231692243959
"139","3",1.56275623824341,-0.0741079721537221,0.247891851470803,1.59979401124176,5.38916357304399,2.67859109039826,1.74194871678048,0.986111111111111,-1.17936905511062,-0.345170677724334,0.22045129887106,0.47571047175064,-0.567738632177527,0.472584136914349,-0.696176114079214,0.846950902366748,0.209765341123366,0.433719276271349,0.732374141358302,0.991630643057543,0.60982414525777,0.69846423676741,0.352559904130921,-11.3162645396998,0.477797026745158,0.00190006928095971,1.82074868560028,1.09963725530204,-0.331560313803711,0.1870856778318
"140","3",1.30229686520284,0.0249130536405557,0.465882330816109,1.58162403791787,5.70870698241436,2.61947322204468,2.14739872718534,0.986111111111111,-1.24132163126683,-0.551520295743166,0.285344741819615,0.298532366727695,-0.321414907957955,0.383120766280266,-0.532022840638842,0.456348824716255,0.218229551798381,0.317413635364392,0.719204323688082,0.971180496837514,1.84873418881368,0.679507203806471,0.329562343800387,-7.56238467486989,0.370082456761715,0.00743821251115626,2.10253568421672,-0.0587848080871442,0.0593321738851128,0.315554833785041
"141","3",1.30229686520284,0.0249130536405557,0.488897965537955,1.59979401124176,5.59225206638347,2.61928196480279,1.98885181461651,0.986111111111111,-1.05446693449652,-0.688925992532081,0.596243801515832,0.962096001336445,0.0856868642560374,0.237842187689026,-0.373953038115354,0.362004604086307,0.687512012936284,0.123724550925908,0.590248742471488,0.916899743784821,0.375424541347098,0.881705784961943,0.141062136510011,-5.94852715393368,0.636778814206681,0.000948688359831691,-0.249017398483911,2.40650235610664,0.268497155448564,0.561947509336496
"142","3",1.30229686520284,0.0249130536405557,0.47529096087857,1.61796398456565,6.42202471294008,2.55375221685598,2.2751463970786,0.986111111111111,-1.39265117559319,-0.473618512699614,0.200591339859855,0.330404395039014,-0.399932298012654,0.643241884063317,-0.603204946116833,0.809688264362412,0.148252128223078,0.44919791650533,0.570353461770025,0.982793857266301,1.21243334578313,0.644353171055001,0.324629097933038,-12.966262890107,0.409067357467462,0.00251714250540568,1.56061922372149,1.19052721263707,-0.210355155789341,0.57668679098026
"143","3",1.30229686520284,-0.0741079721537221,0.258639456238551,1.61796398456565,6.16541006284091,2.62981586281718,2.1324588658285,0.986111111111111,-1.68419267393014,-0.116337752086967,0.21816174893205,0.717274821330877,-0.623302753294624,1.52146660236666,-0.825889498553949,2.27864094459021,0.369364035825545,0.481635421144646,0.722872123357316,0.985146287946165,1.52114628649849,0.705757166399859,0.419577356979034,-13.8114996732731,0.487814460029503,0.00256891941609665,2.31202663344915,0.378676354756885,-0.499967397609485,0.958402906639898
"144","3",1.56275623824341,-0.0741079721537221,0.268653736072302,1.61796398456565,6.21349694558003,2.5659424641798,2.27900977246275,0.986111111111111,-1.50441775102134,-0.325220503120345,0.30928124019372,0.438650583758054,-0.33255578694303,0.483619990831818,-0.617491267920664,1.09755389523755,0.291854823174225,0.323357991631395,0.692221026974101,0.967237095197647,3.1423452962306,0.667387908098797,0.15710981126251,-9.79082643149715,0.43071722368589,0.00154253051683009,0.514032440517926,1.82779540118093,-0.116088786158864,0.339255194704132
"145","3",1.56275623824341,-0.0741079721537221,0.268653736072302,1.62027795353304,6.2510690808458,2.57096818449495,2.26719281371147,0.986111111111111,-1.67347741345996,-0.330112526288651,-0.312406850667409,0.560437185170958,-0.796624694006875,1.32644619211409,-0.835271338301663,1.34788111232811,0.351289704395563,0.980048208778556,0.995504102351914,0.978993888827875,1.33074992912554,0.500045830129239,0.486227938946932,-22.0991832056811,0.321597672763628,0.00308369488868009,1.98599873383216,0.343908995774828,-0.730375363833521,1.16903901913164
"146","3",1.56275623824341,-0.0741079721537221,0.210577351956112,1.63613395788955,5.9584050181699,2.61017345691276,2.06908977886651,0.9875,-1.14964880782597,-0.551812266817478,0.0822924716182549,0.567398275045825,-0.718789222340895,1.02732041163098,-0.836893847511023,1.3761228561037,0.64977041460191,0.842581453524703,1.38027718566197,0.995403766034939,1.60980127536663,0.612135919385202,0.216546262962946,-14.6258676801417,0.521621572907563,0.00150610646461098,0.84314810739518,2.02495132325802,-0.646964528726508,0.871978483862376
"147","3",1.30229686520284,-0.0741079721537221,0.196153813979252,1.61796398456565,6.11073630762436,2.58794107964061,2.2465397432568,0.986111111111111,-1.47230075509886,-0.249333604520566,0.473052357361769,0.877034294267559,-0.623796433441888,0.682619191235192,-0.728006968725548,0.949882852526274,0.411040579847149,0.599552257907268,1.00196644053365,0.952827670323468,3.35889559564072,0.858825556005008,0.546681651003955,-5.28961452161849,0.67068601128397,0.000805415999143527,3.04350551675589,-0.123843727344813,-0.407055362718709,0.368056902955507
"148","3",1.30229686520284,-0.0741079721537221,0.268653736072302,1.59979401124176,7.05494877904531,2.56404938221577,2.23411515602516,0.986111111111111,-1.59009287833151,-0.234125596821792,0.224326737463621,0.302265950969616,-0.55851949496384,0.563153737442642,-0.653429296034258,0.700014131723775,0.212645965686656,0.618574926475763,1.09862348541494,0.977486776658111,0.398675528649706,0.74187955094765,0.523992904936923,-9.00212009183761,0.550158724764207,0.00287549843578881,2.93666218581653,-0.258061391052622,-0.313969647995066,0.307723735756394
"149","3",1.56275623824341,0.0249130536405557,0.506645759097626,1.58162403791787,5.70688927972245,2.6288912099519,2.21764688297614,0.986111111111111,-0.201683641606968,-0.922265627603665,0.0949238317290399,0.179057677436473,-0.370373603636991,0.719907348897006,-0.466621468808866,0.95471250904846,0.125462748610924,0.819740335645393,0.901527908086288,0.9994124823652,1.1267770403861,0.509484248658843,0.352723622799254,-12.0465672901517,0.266327276706457,0.0110583295936088,1.46796529645109,0.682906644258421,-0.16697240294893,0.473541310301341
"150","3",1.30229686520284,0.215338103244937,0.604204551744952,1.61796398456565,6.1849730546417,2.59587569010071,2.21845749935398,0.986111111111111,-1.53236982286303,-0.355094387967262,0.398400857872816,0.500948333084623,-0.410490435714647,0.407010559181428,-0.592564077998056,0.643993951459255,0.269989889717626,0.897399724654692,0.981929669335863,0.976652968781994,5.51961605745967,0.823853838067955,0.522569545215122,-6.54521823873587,0.589825074639107,0.00221964432064661,2.7255522412301,-0.00127251447027067,-0.136757640943848,0.365466643831419
